TCGA-A6-3807-01A-22_W_VU_20121019_A0218_4I_R_FR01,4685
TCGA-A6-3807-01A-22_W_VU_20121019_A0218_4I_R_FR02,5050
TCGA-A6-3807-01A-22_W_VU_20121019_A0218_4I_R_FR03,4492
TCGA-A6-3807-01A-22_W_VU_20121019_A0218_4I_R_FR04,4495
TCGA-A6-3807-01A-22_W_VU_20121019_A0218_4I_R_FR05,4265
TCGA-A6-3807-01A-22_W_VU_20121019_A0218_4I_R_FR06,4314
TCGA-A6-3807-01A-22_W_VU_20121019_A0218_4I_R_FR07,4248
TCGA-A6-3807-01A-22_W_VU_20121019_A0218_4I_R_FR08,4266
TCGA-A6-3807-01A-22_W_VU_20121019_A0218_4I_R_FR09,4445
TCGA-A6-3807-01A-22_W_VU_20121019_A0218_4I_R_FR10,4467
TCGA-A6-3807-01A-22_W_VU_20121020_A0218_4I_R_FR11,4129
TCGA-A6-3807-01A-22_W_VU_20121020_A0218_4I_R_FR12,3837
TCGA-A6-3807-01A-22_W_VU_20121020_A0218_4I_R_FR13,4086
TCGA-A6-3807-01A-22_W_VU_20121020_A0218_4I_R_FR14,3600
TCGA-A6-3807-01A-22_W_VU_20121020_A0218_4I_R_FR15,4237
TCGA-A6-3808-01A-22_W_VU_20121205_A0218_7D_R_FR01,3771
TCGA-A6-3808-01A-22_W_VU_20121206_A0218_7D_R_FR02,4149
TCGA-A6-3808-01A-22_W_VU_20121206_A0218_7D_R_FR03,3704
TCGA-A6-3808-01A-22_W_VU_20121206_A0218_7D_R_FR04,3335
TCGA-A6-3808-01A-22_W_VU_20121206_A0218_7D_R_FR05,3354
TCGA-A6-3808-01A-22_W_VU_20121206_A0218_7D_R_FR06,3295
TCGA-A6-3808-01A-22_W_VU_20121206_A0218_7D_R_FR07,3451
TCGA-A6-3808-01A-22_W_VU_20121206_A0218_7D_R_FR08,3828
TCGA-A6-3808-01A-22_W_VU_20121206_A0218_7D_R_FR09,3662
TCGA-A6-3808-01A-22_W_VU_20121206_A0218_7D_R_FR10,3631
TCGA-A6-3808-01A-22_W_VU_20121206_A0218_7D_R_FR11,3161
TCGA-A6-3808-01A-22_W_VU_20121206_A0218_7D_R_FR12,2993
TCGA-A6-3808-01A-22_W_VU_20121206_A0218_7D_R_FR13,3318
TCGA-A6-3808-01A-22_W_VU_20121206_A0218_7D_R_FR14,3499
TCGA-A6-3808-01A-22_W_VU_20121206_A0218_7D_R_FR15,3870
TCGA-A6-3810-01A-22_W_VU_20121029_A0218_5E_R_FR01,3314
TCGA-A6-3810-01A-22_W_VU_20121029_A0218_5E_R_FR02,3776
TCGA-A6-3810-01A-22_W_VU_20121029_A0218_5E_R_FR03,3146
TCGA-A6-3810-01A-22_W_VU_20121029_A0218_5E_R_FR04,3344
TCGA-A6-3810-01A-22_W_VU_20121029_A0218_5E_R_FR05,3094
TCGA-A6-3810-01A-22_W_VU_20121029_A0218_5E_R_FR06,3194
TCGA-A6-3810-01A-22_W_VU_20121029_A0218_5E_R_FR07,3363
TCGA-A6-3810-01A-22_W_VU_20121029_A0218_5E_R_FR08,3808
TCGA-A6-3810-01A-22_W_VU_20121029_A0218_5E_R_FR09,3877
TCGA-A6-3810-01A-22_W_VU_20121029_A0218_5E_R_FR10,3923
TCGA-A6-3810-01A-22_W_VU_20121029_A0218_5E_R_FR11,3550
TCGA-A6-3810-01A-22_W_VU_20121029_A0218_5E_R_FR12,3258
TCGA-A6-3810-01A-22_W_VU_20121029_A0218_5E_R_FR13,3449
TCGA-A6-3810-01A-22_W_VU_20121029_A0218_5E_R_FR14,3365
TCGA-A6-3810-01A-22_W_VU_20121030_A0218_5E_R_FR15,3404
TCGA-AA-3518-01A-11_W_VU_20120915_A0218_3F_R_FR01,4066
TCGA-AA-3518-01A-11_W_VU_20120915_A0218_3F_R_FR02,4265
TCGA-AA-3518-01A-11_W_VU_20120915_A0218_3F_R_FR03,3602
TCGA-AA-3518-01A-11_W_VU_20120915_A0218_3F_R_FR04,3781
TCGA-AA-3518-01A-11_W_VU_20120915_A0218_3F_R_FR05,3711
TCGA-AA-3518-01A-11_W_VU_20120915_A0218_3F_R_FR06,3638
TCGA-AA-3518-01A-11_W_VU_20120915_A0218_3F_R_FR07,3674
TCGA-AA-3518-01A-11_W_VU_20120916_A0218_3F_R_FR08,4064
TCGA-AA-3518-01A-11_W_VU_20120916_A0218_3F_R_FR09,3867
TCGA-AA-3518-01A-11_W_VU_20120916_A0218_3F_R_FR10,3864
TCGA-AA-3518-01A-11_W_VU_20120916_A0218_3F_R_FR11,3686
TCGA-AA-3518-01A-11_W_VU_20120916_A0218_3F_R_FR12,3664
TCGA-AA-3518-01A-11_W_VU_20120916_A0218_3F_R_FR13,3491
TCGA-AA-3518-01A-11_W_VU_20120916_A0218_3F_R_FR14,3517
TCGA-AA-3518-01A-11_W_VU_20120916_A0218_3F_R_FR15,3398
TCGA-AA-3525-01A-12_W_VU_20121209_A0218_7F_R_FR01,2294
TCGA-AA-3525-01A-12_W_VU_20121209_A0218_7F_R_FR02,3124
TCGA-AA-3525-01A-12_W_VU_20121210_A0218_7F_R_FR03,2903
TCGA-AA-3525-01A-12_W_VU_20121210_A0218_7F_R_FR04,2954
TCGA-AA-3525-01A-12_W_VU_20121210_A0218_7F_R_FR05,3021
TCGA-AA-3525-01A-12_W_VU_20121210_A0218_7F_R_FR06,2502
TCGA-AA-3525-01A-12_W_VU_20121210_A0218_7F_R_FR07,2102
TCGA-AA-3525-01A-12_W_VU_20121210_A0218_7F_R_FR08,1945
TCGA-AA-3525-01A-12_W_VU_20121210_A0218_7F_R_FR09,2090
TCGA-AA-3525-01A-12_W_VU_20121210_A0218_7F_R_FR10,2225
TCGA-AA-3525-01A-12_W_VU_20121210_A0218_7F_R_FR11,2340
TCGA-AA-3525-01A-12_W_VU_20121210_A0218_7F_R_FR12,2218
TCGA-AA-3525-01A-12_W_VU_20121210_A0218_7F_R_FR13,2317
TCGA-AA-3525-01A-12_W_VU_20121210_A0218_7F_R_FR14,2099
TCGA-AA-3525-01A-12_W_VU_20121210_A0218_7F_R_FR15,2153
TCGA-AA-3526-01A-11_W_VU_20130106_A0218_8J_R_FR01,3017
TCGA-AA-3526-01A-11_W_VU_20130106_A0218_8J_R_FR02,3372
TCGA-AA-3526-01A-11_W_VU_20130106_A0218_8J_R_FR03,3630
TCGA-AA-3526-01A-11_W_VU_20130106_A0218_8J_R_FR04,3220
TCGA-AA-3526-01A-11_W_VU_20130106_A0218_8J_R_FR05,3007
TCGA-AA-3526-01A-11_W_VU_20130106_A0218_8J_R_FR06,3161
TCGA-AA-3526-01A-11_W_VU_20130106_A0218_8J_R_FR07,3434
TCGA-AA-3526-01A-11_W_VU_20130106_A0218_8J_R_FR08,3051
TCGA-AA-3526-01A-11_W_VU_20130106_A0218_8J_R_FR09,3350
TCGA-AA-3526-01A-11_W_VU_20130106_A0218_8J_R_FR10,4017
TCGA-AA-3526-01A-11_W_VU_20130106_A0218_8J_R_FR11,3799
TCGA-AA-3526-01A-11_W_VU_20130106_A0218_8J_R_FR12,3330
TCGA-AA-3526-01A-11_W_VU_20130106_A0218_8J_R_FR13,3659
TCGA-AA-3526-01A-11_W_VU_20130106_A0218_8J_R_FR14,3419
TCGA-AA-3526-01A-11_W_VU_20130107_A0218_8J_R_FR15,2957
TCGA-AA-3529-01A-12_W_VU_20121203_A0218_7B_R_FR01,4936
TCGA-AA-3529-01A-12_W_VU_20121203_A0218_7B_R_FR02,5238
TCGA-AA-3529-01A-12_W_VU_20121203_A0218_7B_R_FR03,4744
TCGA-AA-3529-01A-12_W_VU_20121203_A0218_7B_R_FR04,4578
TCGA-AA-3529-01A-12_W_VU_20121203_A0218_7B_R_FR05,4467
TCGA-AA-3529-01A-12_W_VU_20121203_A0218_7B_R_FR06,4282
TCGA-AA-3529-01A-12_W_VU_20121203_A0218_7B_R_FR07,4882
TCGA-AA-3529-01A-12_W_VU_20121203_A0218_7B_R_FR08,4827
TCGA-AA-3529-01A-12_W_VU_20121203_A0218_7B_R_FR09,4714
TCGA-AA-3529-01A-12_W_VU_20121203_A0218_7B_R_FR10,4693
TCGA-AA-3529-01A-12_W_VU_20121203_A0218_7B_R_FR11,4511
TCGA-AA-3529-01A-12_W_VU_20121204_A0218_7B_R_FR12,3973
TCGA-AA-3529-01A-12_W_VU_20121204_A0218_7B_R_FR13,4170
TCGA-AA-3529-01A-12_W_VU_20121204_A0218_7B_R_FR14,4015
TCGA-AA-3529-01A-12_W_VU_20121204_A0218_7B_R_FR15,3688
TCGA-AA-3531-01A-22_W_VU_20130101_A0218_8G_R_FR01,3122
TCGA-AA-3531-01A-22_W_VU_20130101_A0218_8G_R_FR02,3641
TCGA-AA-3531-01A-22_W_VU_20130101_A0218_8G_R_FR03,3893
TCGA-AA-3531-01A-22_W_VU_20130101_A0218_8G_R_FR04,3412
TCGA-AA-3531-01A-22_W_VU_20130101_A0218_8G_R_FR05,3913
TCGA-AA-3531-01A-22_W_VU_20130101_A0218_8G_R_FR06,3557
TCGA-AA-3531-01A-22_W_VU_20130102_A0218_8G_R_FR07,3253
TCGA-AA-3531-01A-22_W_VU_20130102_A0218_8G_R_FR08,3481
TCGA-AA-3531-01A-22_W_VU_20130102_A0218_8G_R_FR09,3759
TCGA-AA-3531-01A-22_W_VU_20130102_A0218_8G_R_FR10,4114
TCGA-AA-3531-01A-22_W_VU_20130102_A0218_8G_R_FR11,3673
TCGA-AA-3531-01A-22_W_VU_20130102_A0218_8G_R_FR12,3560
TCGA-AA-3531-01A-22_W_VU_20130102_A0218_8G_R_FR13,3359
TCGA-AA-3531-01A-22_W_VU_20130102_A0218_8G_R_FR14,3198
TCGA-AA-3531-01A-22_W_VU_20130102_A0218_8G_R_FR15,3403
TCGA-AA-3534-01A-22_W_VU_20130208_A0218_10B_R_FR01,3549
TCGA-AA-3534-01A-22_W_VU_20130208_A0218_10B_R_FR02,3472
TCGA-AA-3534-01A-22_W_VU_20130208_A0218_10B_R_FR03,3317
TCGA-AA-3534-01A-22_W_VU_20130208_A0218_10B_R_FR04,2918
TCGA-AA-3534-01A-22_W_VU_20130208_A0218_10B_R_FR05,2182
TCGA-AA-3534-01A-22_W_VU_20130208_A0218_10B_R_FR06,2602
TCGA-AA-3534-01A-22_W_VU_20130208_A0218_10B_R_FR07,3462
TCGA-AA-3534-01A-22_W_VU_20130208_A0218_10B_R_FR08,3765
TCGA-AA-3534-01A-22_W_VU_20130208_A0218_10B_R_FR09,3752
TCGA-AA-3534-01A-22_W_VU_20130209_A0218_10B_R_FR10,3555
TCGA-AA-3534-01A-22_W_VU_20130209_A0218_10B_R_FR11,3508
TCGA-AA-3534-01A-22_W_VU_20130209_A0218_10B_R_FR12,3312
TCGA-AA-3534-01A-22_W_VU_20130209_A0218_10B_R_FR13,3816
TCGA-AA-3534-01A-22_W_VU_20130209_A0218_10B_R_FR14,2248
TCGA-AA-3534-01A-22_W_VU_20130209_A0218_10B_R_FR15,3974
TCGA-AA-3552-01A-22_W_VU_20130125_A0218_9F_R_FR01,3910
TCGA-AA-3552-01A-22_W_VU_20130125_A0218_9F_R_FR02,3681
TCGA-AA-3552-01A-22_W_VU_20130125_A0218_9F_R_FR03,3748
TCGA-AA-3552-01A-22_W_VU_20130125_A0218_9F_R_FR04,3443
TCGA-AA-3552-01A-22_W_VU_20130125_A0218_9F_R_FR05,3877
TCGA-AA-3552-01A-22_W_VU_20130125_A0218_9F_R_FR06,3714
TCGA-AA-3552-01A-22_W_VU_20130126_A0218_9F_R_FR07,3777
TCGA-AA-3552-01A-22_W_VU_20130126_A0218_9F_R_FR08,3656
TCGA-AA-3552-01A-22_W_VU_20130126_A0218_9F_R_FR09,3454
TCGA-AA-3552-01A-22_W_VU_20130126_A0218_9F_R_FR10,3587
TCGA-AA-3552-01A-22_W_VU_20130126_A0218_9F_R_FR11,3930
TCGA-AA-3552-01A-22_W_VU_20130126_A0218_9F_R_FR12,3661
TCGA-AA-3552-01A-22_W_VU_20130126_A0218_9F_R_FR13,3826
TCGA-AA-3552-01A-22_W_VU_20130126_A0218_9F_R_FR14,3433
TCGA-AA-3552-01A-22_W_VU_20130126_A0218_9F_R_FR15,3961
TCGA-AA-3554-01A-22_W_VU_20121122_A0218_6G_R_FR01,3652
TCGA-AA-3554-01A-22_W_VU_20121122_A0218_6G_R_FR02,3934
TCGA-AA-3554-01A-22_W_VU_20121122_A0218_6G_R_FR03,3291
TCGA-AA-3554-01A-22_W_VU_20121123_A0218_6G_R_FR04,3278
TCGA-AA-3554-01A-22_W_VU_20121123_A0218_6G_R_FR05,3082
TCGA-AA-3554-01A-22_W_VU_20121123_A0218_6G_R_FR06,3034
TCGA-AA-3554-01A-22_W_VU_20121123_A0218_6G_R_FR07,3408
TCGA-AA-3554-01A-22_W_VU_20121123_A0218_6G_R_FR08,3736
TCGA-AA-3554-01A-22_W_VU_20121123_A0218_6G_R_FR09,3783
TCGA-AA-3554-01A-22_W_VU_20121123_A0218_6G_R_FR10,3707
TCGA-AA-3554-01A-22_W_VU_20121123_A0218_6G_R_FR11,3543
TCGA-AA-3554-01A-22_W_VU_20121123_A0218_6G_R_FR12,3409
TCGA-AA-3554-01A-22_W_VU_20121123_A0218_6G_R_FR13,3378
TCGA-AA-3554-01A-22_W_VU_20121123_A0218_6G_R_FR14,3369
TCGA-AA-3554-01A-22_W_VU_20121123_A0218_6G_R_FR15,2880
TCGA-AA-3558-01A-22_W_VU_20121112_A0218_6A_R_FR01,3655
TCGA-AA-3558-01A-22_W_VU_20121112_A0218_6A_R_FR02,3802
TCGA-AA-3558-01A-22_W_VU_20121112_A0218_6A_R_FR03,3662
TCGA-AA-3558-01A-22_W_VU_20121112_A0218_6A_R_FR04,3735
TCGA-AA-3558-01A-22_W_VU_20121112_A0218_6A_R_FR05,3875
TCGA-AA-3558-01A-22_W_VU_20121112_A0218_6A_R_FR06,3380
TCGA-AA-3558-01A-22_W_VU_20121112_A0218_6A_R_FR07,3801
TCGA-AA-3558-01A-22_W_VU_20121112_A0218_6A_R_FR08,4005
TCGA-AA-3558-01A-22_W_VU_20121113_A0218_6A_R_FR09,3695
TCGA-AA-3558-01A-22_W_VU_20121113_A0218_6A_R_FR10,3924
TCGA-AA-3558-01A-22_W_VU_20121113_A0218_6A_R_FR11,3836
TCGA-AA-3558-01A-22_W_VU_20121113_A0218_6A_R_FR12,3804
TCGA-AA-3558-01A-22_W_VU_20121113_A0218_6A_R_FR13,3658
TCGA-AA-3558-01A-22_W_VU_20121113_A0218_6A_R_FR14,3893
TCGA-AA-3558-01A-22_W_VU_20121113_A0218_6A_R_FR15,4103
TCGA-AA-3561-01A-22_W_VU_20120808_A0218_1I_R_FR01,3442
TCGA-AA-3561-01A-22_W_VU_20120808_A0218_1I_R_FR02,3551
TCGA-AA-3561-01A-22_W_VU_20120808_A0218_1I_R_FR03,3576
TCGA-AA-3561-01A-22_W_VU_20120808_A0218_1I_R_FR04,3489
TCGA-AA-3561-01A-22_W_VU_20120808_A0218_1I_R_FR05,3651
TCGA-AA-3561-01A-22_W_VU_20120808_A0218_1I_R_FR06,3489
TCGA-AA-3561-01A-22_W_VU_20120808_A0218_1I_R_FR07,3368
TCGA-AA-3561-01A-22_W_VU_20120808_A0218_1I_R_FR08,3789
TCGA-AA-3561-01A-22_W_VU_20120808_A0218_1I_R_FR09,3809
TCGA-AA-3561-01A-22_W_VU_20120808_A0218_1I_R_FR10,3572
TCGA-AA-3561-01A-22_W_VU_20120809_A0218_1I_R_FR11,3264
TCGA-AA-3561-01A-22_W_VU_20120809_A0218_1I_R_FR12,3331
TCGA-AA-3561-01A-22_W_VU_20120809_A0218_1I_R_FR13,3466
TCGA-AA-3561-01A-22_W_VU_20120809_A0218_1I_R_FR14,3499
TCGA-AA-3561-01A-22_W_VU_20120809_A0218_1I_R_FR15,3285
TCGA-AA-3664-01A-22_W_VU_20130123_A0218_9C_R_FR01,3491
TCGA-AA-3664-01A-22_W_VU_20130123_A0218_9C_R_FR02,4033
TCGA-AA-3664-01A-22_W_VU_20130123_A0218_9C_R_FR03,3137
TCGA-AA-3664-01A-22_W_VU_20130123_A0218_9C_R_FR04,3447
TCGA-AA-3664-01A-22_W_VU_20130123_A0218_9C_R_FR05,2734
TCGA-AA-3664-01A-22_W_VU_20130123_A0218_9C_R_FR06,2966
TCGA-AA-3664-01A-22_W_VU_20130123_A0218_9C_R_FR07,3038
TCGA-AA-3664-01A-22_W_VU_20130123_A0218_9C_R_FR08,2736
TCGA-AA-3664-01A-22_W_VU_20130124_A0218_9C_R_FR09,2727
TCGA-AA-3664-01A-22_W_VU_20130124_A0218_9C_R_FR10,2682
TCGA-AA-3664-01A-22_W_VU_20130124_A0218_9C_R_FR11,1946
TCGA-AA-3664-01A-22_W_VU_20130124_A0218_9C_R_FR12,3186
TCGA-AA-3664-01A-22_W_VU_20130124_A0218_9C_R_FR13,3432
TCGA-AA-3664-01A-22_W_VU_20130124_A0218_9C_R_FR14,3224
TCGA-AA-3664-01A-22_W_VU_20130124_A0218_9C_R_FR15,3234
TCGA-AA-3666-01A-31_W_VU_20121101_A0218_5F_R_FR01,4898
TCGA-AA-3666-01A-31_W_VU_20121101_A0218_5F_R_FR02,4872
TCGA-AA-3666-01A-31_W_VU_20121101_A0218_5F_R_FR03,4840
TCGA-AA-3666-01A-31_W_VU_20121101_A0218_5F_R_FR04,4530
TCGA-AA-3666-01A-31_W_VU_20121101_A0218_5F_R_FR05,4348
TCGA-AA-3666-01A-31_W_VU_20121101_A0218_5F_R_FR06,4251
TCGA-AA-3666-01A-31_W_VU_20121102_A0218_5F_R_FR07,4510
TCGA-AA-3666-01A-31_W_VU_20121102_A0218_5F_R_FR08,4580
TCGA-AA-3666-01A-31_W_VU_20121102_A0218_5F_R_FR09,4056
TCGA-AA-3666-01A-31_W_VU_20121102_A0218_5F_R_FR10,4411
TCGA-AA-3666-01A-31_W_VU_20121102_A0218_5F_R_FR11,4170
TCGA-AA-3666-01A-31_W_VU_20121102_A0218_5F_R_FR12,4254
TCGA-AA-3666-01A-31_W_VU_20121102_A0218_5F_R_FR13,4661
TCGA-AA-3666-01A-31_W_VU_20121102_A0218_5F_R_FR14,4358
TCGA-AA-3666-01A-31_W_VU_20121102_A0218_5F_R_FR15,4595
TCGA-AA-3672-01A-22_W_VU_20121217_A0218_7J_R_FR01,4413
TCGA-AA-3672-01A-22_W_VU_20121217_A0218_7J_R_FR02,4940
TCGA-AA-3672-01A-22_W_VU_20121217_A0218_7J_R_FR03,5034
TCGA-AA-3672-01A-22_W_VU_20121217_A0218_7J_R_FR04,4692
TCGA-AA-3672-01A-22_W_VU_20121217_A0218_7J_R_FR05,4101
TCGA-AA-3672-01A-22_W_VU_20121217_A0218_7J_R_FR06,3691
TCGA-AA-3672-01A-22_W_VU_20121217_A0218_7J_R_FR07,3443
TCGA-AA-3672-01A-22_W_VU_20121217_A0218_7J_R_FR08,2981
TCGA-AA-3672-01A-22_W_VU_20121217_A0218_7J_R_FR09,3265
TCGA-AA-3672-01A-22_W_VU_20121218_A0218_7J_R_FR10,3180
TCGA-AA-3672-01A-22_W_VU_20121218_A0218_7J_R_FR11,3116
TCGA-AA-3672-01A-22_W_VU_20121218_A0218_7J_R_FR12,3322
TCGA-AA-3672-01A-22_W_VU_20121218_A0218_7J_R_FR13,3228
TCGA-AA-3672-01A-22_W_VU_20121218_A0218_7J_R_FR14,3496
TCGA-AA-3672-01A-22_W_VU_20121218_A0218_7J_R_FR15,3217
TCGA-AA-3684-01A-31_W_VU_20121018_A0218_4H_R_FR01,3935
TCGA-AA-3684-01A-31_W_VU_20121018_A0218_4H_R_FR02,4572
TCGA-AA-3684-01A-31_W_VU_20121018_A0218_4H_R_FR03,3582
TCGA-AA-3684-01A-31_W_VU_20121018_A0218_4H_R_FR04,3864
TCGA-AA-3684-01A-31_W_VU_20121018_A0218_4H_R_FR05,4091
TCGA-AA-3684-01A-31_W_VU_20121018_A0218_4H_R_FR06,4180
TCGA-AA-3684-01A-31_W_VU_20121018_A0218_4H_R_FR07,3824
TCGA-AA-3684-01A-31_W_VU_20121018_A0218_4H_R_FR08,4239
TCGA-AA-3684-01A-31_W_VU_20121018_A0218_4H_R_FR09,4195
TCGA-AA-3684-01A-31_W_VU_20121018_A0218_4H_R_FR10,4090
TCGA-AA-3684-01A-31_W_VU_20121018_A0218_4H_R_FR11,3494
TCGA-AA-3684-01A-31_W_VU_20121018_A0218_4H_R_FR12,3352
TCGA-AA-3684-01A-31_W_VU_20121018_A0218_4H_R_FR13,3859
TCGA-AA-3684-01A-31_W_VU_20121018_A0218_4H_R_FR14,3400
TCGA-AA-3684-01A-31_W_VU_20121018_A0218_4H_R_FR15,3618
TCGA-AA-3695-01A-22_W_VU_20130131_A0218_9I_R_FR01,3871
TCGA-AA-3695-01A-22_W_VU_20130131_A0218_9I_R_FR02,4352
TCGA-AA-3695-01A-22_W_VU_20130131_A0218_9I_R_FR03,4230
TCGA-AA-3695-01A-22_W_VU_20130131_A0218_9I_R_FR04,3708
TCGA-AA-3695-01A-22_W_VU_20130131_A0218_9I_R_FR05,3326
TCGA-AA-3695-01A-22_W_VU_20130131_A0218_9I_R_FR06,3714
TCGA-AA-3695-01A-22_W_VU_20130131_A0218_9I_R_FR07,3944
TCGA-AA-3695-01A-22_W_VU_20130131_A0218_9I_R_FR08,3374
TCGA-AA-3695-01A-22_W_VU_20130131_A0218_9I_R_FR09,2629
TCGA-AA-3695-01A-22_W_VU_20130131_A0218_9I_R_FR11,1880
TCGA-AA-3695-01A-22_W_VU_20130131_A0218_9I_R_FR12,3205
TCGA-AA-3695-01A-22_W_VU_20130131_A0218_9I_R_FR13,3920
TCGA-AA-3695-01A-22_W_VU_20130131_A0218_9I_R_FR14,4006
TCGA-AA-3695-01A-22_W_VU_20130131_A0218_9I_R_FR15,3913
TCGA-AA-3695-01A-22_W_VU_20130201_A0218_9I_R_FR10,3818
TCGA-AA-3710-01A-22_W_VU_20120827_A0218_2H_R_FR01,4381
TCGA-AA-3710-01A-22_W_VU_20120827_A0218_2H_R_FR02,4692
TCGA-AA-3710-01A-22_W_VU_20120827_A0218_2H_R_FR03,4748
TCGA-AA-3710-01A-22_W_VU_20120827_A0218_2H_R_FR04,4566
TCGA-AA-3710-01A-22_W_VU_20120827_A0218_2H_R_FR05,4552
TCGA-AA-3710-01A-22_W_VU_20120827_A0218_2H_R_FR06,4577
TCGA-AA-3710-01A-22_W_VU_20120827_A0218_2H_R_FR07,4544
TCGA-AA-3710-01A-22_W_VU_20120827_A0218_2H_R_FR08,4685
TCGA-AA-3710-01A-22_W_VU_20120827_A0218_2H_R_FR09,4644
TCGA-AA-3710-01A-22_W_VU_20120827_A0218_2H_R_FR10,4380
TCGA-AA-3710-01A-22_W_VU_20120827_A0218_2H_R_FR11,4211
TCGA-AA-3710-01A-22_W_VU_20120827_A0218_2H_R_FR12,4505
TCGA-AA-3710-01A-22_W_VU_20120827_A0218_2H_R_FR13,4383
TCGA-AA-3710-01A-22_W_VU_20120827_A0218_2H_R_FR14,4084
TCGA-AA-3710-01A-22_W_VU_20120827_A0218_2H_R_FR15,4422
TCGA-AA-3715-01A-22_W_VU_20120821_A0218_2E_R_FR01,3442
TCGA-AA-3715-01A-22_W_VU_20120821_A0218_2E_R_FR02,3455
TCGA-AA-3715-01A-22_W_VU_20120821_A0218_2E_R_FR03,3233
TCGA-AA-3715-01A-22_W_VU_20120821_A0218_2E_R_FR04,3202
TCGA-AA-3715-01A-22_W_VU_20120822_A0218_2E_R_FR05,2474
TCGA-AA-3715-01A-22_W_VU_20120822_A0218_2E_R_FR06,2793
TCGA-AA-3715-01A-22_W_VU_20120822_A0218_2E_R_FR07,2705
TCGA-AA-3715-01A-22_W_VU_20120822_A0218_2E_R_FR08,2761
TCGA-AA-3715-01A-22_W_VU_20120822_A0218_2E_R_FR09,3531
TCGA-AA-3715-01A-22_W_VU_20120822_A0218_2E_R_FR10,3549
TCGA-AA-3715-01A-22_W_VU_20120822_A0218_2E_R_FR11,2896
TCGA-AA-3715-01A-22_W_VU_20120822_A0218_2E_R_FR12,2709
TCGA-AA-3715-01A-22_W_VU_20120822_A0218_2E_R_FR13,2606
TCGA-AA-3715-01A-22_W_VU_20120822_A0218_2E_R_FR14,3220
TCGA-AA-3715-01A-22_W_VU_20120822_A0218_2E_R_FR15,2991
TCGA-AA-3818-01A-22_W_VU_20130210_A0218_10C_R_FR01,4761
TCGA-AA-3818-01A-22_W_VU_20130210_A0218_10C_R_FR02,5031
TCGA-AA-3818-01A-22_W_VU_20130210_A0218_10C_R_FR03,4706
TCGA-AA-3818-01A-22_W_VU_20130210_A0218_10C_R_FR04,3894
TCGA-AA-3818-01A-22_W_VU_20130210_A0218_10C_R_FR05,3902
TCGA-AA-3818-01A-22_W_VU_20130210_A0218_10C_R_FR06,4191
TCGA-AA-3818-01A-22_W_VU_20130210_A0218_10C_R_FR07,3920
TCGA-AA-3818-01A-22_W_VU_20130210_A0218_10C_R_FR08,3831
TCGA-AA-3818-01A-22_W_VU_20130210_A0218_10C_R_FR09,4175
TCGA-AA-3818-01A-22_W_VU_20130210_A0218_10C_R_FR10,4214
TCGA-AA-3818-01A-22_W_VU_20130210_A0218_10C_R_FR11,4259
TCGA-AA-3818-01A-22_W_VU_20130210_A0218_10C_R_FR12,3984
TCGA-AA-3818-01A-22_W_VU_20130210_A0218_10C_R_FR13,4137
TCGA-AA-3818-01A-22_W_VU_20130210_A0218_10C_R_FR14,3969
TCGA-AA-3818-01A-22_W_VU_20130210_A0218_10C_R_FR15,4400
TCGA-AA-3848-01A-22_W_VU_20121204_A0218_7C_R_FR01,4624
TCGA-AA-3848-01A-22_W_VU_20121204_A0218_7C_R_FR02,5043
TCGA-AA-3848-01A-22_W_VU_20121204_A0218_7C_R_FR03,4660
TCGA-AA-3848-01A-22_W_VU_20121204_A0218_7C_R_FR04,4472
TCGA-AA-3848-01A-22_W_VU_20121204_A0218_7C_R_FR05,4426
TCGA-AA-3848-01A-22_W_VU_20121204_A0218_7C_R_FR06,4502
TCGA-AA-3848-01A-22_W_VU_20121205_A0218_7C_R_FR07,4955
TCGA-AA-3848-01A-22_W_VU_20121205_A0218_7C_R_FR08,5010
TCGA-AA-3848-01A-22_W_VU_20121205_A0218_7C_R_FR09,4697
TCGA-AA-3848-01A-22_W_VU_20121205_A0218_7C_R_FR10,4611
TCGA-AA-3848-01A-22_W_VU_20121205_A0218_7C_R_FR11,4688
TCGA-AA-3848-01A-22_W_VU_20121205_A0218_7C_R_FR12,4626
TCGA-AA-3848-01A-22_W_VU_20121205_A0218_7C_R_FR13,4788
TCGA-AA-3848-01A-22_W_VU_20121205_A0218_7C_R_FR14,4740
TCGA-AA-3848-01A-22_W_VU_20121205_A0218_7C_R_FR15,4733
TCGA-AA-3864-01A-22_W_VU_20121226_A0218_8D_R_FR01,5319
TCGA-AA-3864-01A-22_W_VU_20121226_A0218_8D_R_FR02,5007
TCGA-AA-3864-01A-22_W_VU_20121226_A0218_8D_R_FR03,4831
TCGA-AA-3864-01A-22_W_VU_20121226_A0218_8D_R_FR04,4476
TCGA-AA-3864-01A-22_W_VU_20121226_A0218_8D_R_FR05,4178
TCGA-AA-3864-01A-22_W_VU_20121226_A0218_8D_R_FR06,4175
TCGA-AA-3864-01A-22_W_VU_20121226_A0218_8D_R_FR07,4425
TCGA-AA-3864-01A-22_W_VU_20121226_A0218_8D_R_FR08,4373
TCGA-AA-3864-01A-22_W_VU_20121226_A0218_8D_R_FR09,4819
TCGA-AA-3864-01A-22_W_VU_20121226_A0218_8D_R_FR10,4454
TCGA-AA-3864-01A-22_W_VU_20121226_A0218_8D_R_FR11,4495
TCGA-AA-3864-01A-22_W_VU_20121226_A0218_8D_R_FR12,4635
TCGA-AA-3864-01A-22_W_VU_20121226_A0218_8D_R_FR13,4357
TCGA-AA-3864-01A-22_W_VU_20121227_A0218_8D_R_FR14,4741
TCGA-AA-3864-01A-22_W_VU_20121227_A0218_8D_R_FR15,4520
TCGA-AA-3986-01A-12_W_VU_20130116_A0218_9B_R_FR01,4132
TCGA-AA-3986-01A-12_W_VU_20130116_A0218_9B_R_FR02,4320
TCGA-AA-3986-01A-12_W_VU_20130116_A0218_9B_R_FR03,4018
TCGA-AA-3986-01A-12_W_VU_20130116_A0218_9B_R_FR04,3728
TCGA-AA-3986-01A-12_W_VU_20130116_A0218_9B_R_FR05,3656
TCGA-AA-3986-01A-12_W_VU_20130116_A0218_9B_R_FR06,3731
TCGA-AA-3986-01A-12_W_VU_20130116_A0218_9B_R_FR07,3680
TCGA-AA-3986-01A-12_W_VU_20130116_A0218_9B_R_FR08,3320
TCGA-AA-3986-01A-12_W_VU_20130116_A0218_9B_R_FR09,3337
TCGA-AA-3986-01A-12_W_VU_20130116_A0218_9B_R_FR10,3341
TCGA-AA-3986-01A-12_W_VU_20130116_A0218_9B_R_FR11,3289
TCGA-AA-3986-01A-12_W_VU_20130116_A0218_9B_R_FR12,3201
TCGA-AA-3986-01A-12_W_VU_20130116_A0218_9B_R_FR13,3434
TCGA-AA-3986-01A-12_W_VU_20130117_A0218_9B_R_FR14,3322
TCGA-AA-3986-01A-12_W_VU_20130117_A0218_9B_R_FR15,3686
TCGA-AA-3989-01A-22_W_VU_20121114_A0218_6B_R_FR01,3759
TCGA-AA-3989-01A-22_W_VU_20121114_A0218_6B_R_FR02,4070
TCGA-AA-3989-01A-22_W_VU_20121114_A0218_6B_R_FR03,3649
TCGA-AA-3989-01A-22_W_VU_20121114_A0218_6B_R_FR04,3686
TCGA-AA-3989-01A-22_W_VU_20121114_A0218_6B_R_FR05,3513
TCGA-AA-3989-01A-22_W_VU_20121114_A0218_6B_R_FR06,3530
TCGA-AA-3989-01A-22_W_VU_20121114_A0218_6B_R_FR07,3763
TCGA-AA-3989-01A-22_W_VU_20121114_A0218_6B_R_FR08,4103
TCGA-AA-3989-01A-22_W_VU_20121114_A0218_6B_R_FR09,3845
TCGA-AA-3989-01A-22_W_VU_20121114_A0218_6B_R_FR10,3825
TCGA-AA-3989-01A-22_W_VU_20121114_A0218_6B_R_FR11,3751
TCGA-AA-3989-01A-22_W_VU_20121115_A0218_6B_R_FR12,3502
TCGA-AA-3989-01A-22_W_VU_20121115_A0218_6B_R_FR13,3758
TCGA-AA-3989-01A-22_W_VU_20121115_A0218_6B_R_FR14,3664
TCGA-AA-3989-01A-22_W_VU_20121115_A0218_6B_R_FR15,3670
TCGA-AA-A004-01A-22_W_VU_20121020_A0218_4J_R_FR01,4689
TCGA-AA-A004-01A-22_W_VU_20121020_A0218_4J_R_FR02,5122
TCGA-AA-A004-01A-22_W_VU_20121020_A0218_4J_R_FR03,4717
TCGA-AA-A004-01A-22_W_VU_20121020_A0218_4J_R_FR04,4499
TCGA-AA-A004-01A-22_W_VU_20121020_A0218_4J_R_FR05,4614
TCGA-AA-A004-01A-22_W_VU_20121021_A0218_4J_R_FR06,4558
TCGA-AA-A004-01A-22_W_VU_20121021_A0218_4J_R_FR07,4451
TCGA-AA-A004-01A-22_W_VU_20121021_A0218_4J_R_FR08,4576
TCGA-AA-A004-01A-22_W_VU_20121021_A0218_4J_R_FR09,4561
TCGA-AA-A004-01A-22_W_VU_20121021_A0218_4J_R_FR10,4551
TCGA-AA-A004-01A-22_W_VU_20121021_A0218_4J_R_FR11,4184
TCGA-AA-A004-01A-22_W_VU_20121021_A0218_4J_R_FR12,3985
TCGA-AA-A004-01A-22_W_VU_20121021_A0218_4J_R_FR13,4311
TCGA-AA-A004-01A-22_W_VU_20121021_A0218_4J_R_FR14,3950
TCGA-AA-A004-01A-22_W_VU_20121021_A0218_4J_R_FR15,4095
TCGA-AA-A00A-01A-22_W_VU_20121221_A0218_8A_R_FR01,3958
TCGA-AA-A00A-01A-22_W_VU_20121221_A0218_8A_R_FR02,4322
TCGA-AA-A00A-01A-22_W_VU_20121221_A0218_8A_R_FR03,4115
TCGA-AA-A00A-01A-22_W_VU_20121221_A0218_8A_R_FR04,3794
TCGA-AA-A00A-01A-22_W_VU_20121221_A0218_8A_R_FR05,3721
TCGA-AA-A00A-01A-22_W_VU_20121221_A0218_8A_R_FR06,3436
TCGA-AA-A00A-01A-22_W_VU_20121221_A0218_8A_R_FR07,3592
TCGA-AA-A00A-01A-22_W_VU_20121221_A0218_8A_R_FR08,3472
TCGA-AA-A00A-01A-22_W_VU_20121221_A0218_8A_R_FR09,3738
TCGA-AA-A00A-01A-22_W_VU_20121221_A0218_8A_R_FR10,3819
TCGA-AA-A00A-01A-22_W_VU_20121221_A0218_8A_R_FR11,3679
TCGA-AA-A00A-01A-22_W_VU_20121221_A0218_8A_R_FR12,3846
TCGA-AA-A00A-01A-22_W_VU_20121222_A0218_8A_R_FR13,3488
TCGA-AA-A00A-01A-22_W_VU_20121222_A0218_8A_R_FR14,3810
TCGA-AA-A00A-01A-22_W_VU_20121222_A0218_8A_R_FR15,3550
TCGA-AA-A00A-01A-41_W_VU_20130120_A0218_9E_R_FR01,3275
TCGA-AA-A00A-01A-41_W_VU_20130120_A0218_9E_R_FR02,3387
TCGA-AA-A00A-01A-41_W_VU_20130120_A0218_9E_R_FR03,3670
TCGA-AA-A00A-01A-41_W_VU_20130120_A0218_9E_R_FR04,2591
TCGA-AA-A00A-01A-41_W_VU_20130120_A0218_9E_R_FR05,2981
TCGA-AA-A00A-01A-41_W_VU_20130120_A0218_9E_R_FR06,2939
TCGA-AA-A00A-01A-41_W_VU_20130120_A0218_9E_R_FR07,3013
TCGA-AA-A00A-01A-41_W_VU_20130120_A0218_9E_R_FR08,2984
TCGA-AA-A00A-01A-41_W_VU_20130120_A0218_9E_R_FR09,2998
TCGA-AA-A00A-01A-41_W_VU_20130120_A0218_9E_R_FR10,3223
TCGA-AA-A00A-01A-41_W_VU_20130120_A0218_9E_R_FR11,3210
TCGA-AA-A00A-01A-41_W_VU_20130120_A0218_9E_R_FR12,3081
TCGA-AA-A00A-01A-41_W_VU_20130120_A0218_9E_R_FR13,2993
TCGA-AA-A00A-01A-41_W_VU_20130120_A0218_9E_R_FR14,2940
TCGA-AA-A00A-01A-41_W_VU_20130120_A0218_9E_R_FR15,2736
TCGA-AA-A00E-01A-31_W_VU_20121012_A0218_4E_R_FR01,4662
TCGA-AA-A00E-01A-31_W_VU_20121012_A0218_4E_R_FR02,5331
TCGA-AA-A00E-01A-31_W_VU_20121012_A0218_4E_R_FR03,4360
TCGA-AA-A00E-01A-31_W_VU_20121012_A0218_4E_R_FR04,4471
TCGA-AA-A00E-01A-31_W_VU_20121012_A0218_4E_R_FR05,4462
TCGA-AA-A00E-01A-31_W_VU_20121012_A0218_4E_R_FR06,4834
TCGA-AA-A00E-01A-31_W_VU_20121012_A0218_4E_R_FR07,4898
TCGA-AA-A00E-01A-31_W_VU_20121012_A0218_4E_R_FR08,5010
TCGA-AA-A00E-01A-31_W_VU_20121012_A0218_4E_R_FR09,4778
TCGA-AA-A00E-01A-31_W_VU_20121013_A0218_4E_R_FR10,4844
TCGA-AA-A00E-01A-31_W_VU_20121013_A0218_4E_R_FR11,4504
TCGA-AA-A00E-01A-31_W_VU_20121013_A0218_4E_R_FR12,4529
TCGA-AA-A00E-01A-31_W_VU_20121013_A0218_4E_R_FR13,4872
TCGA-AA-A00E-01A-31_W_VU_20121013_A0218_4E_R_FR14,4288
TCGA-AA-A00E-01A-31_W_VU_20121013_A0218_4E_R_FR15,4279
TCGA-AA-A00F-01A-31_W_VU_20121222_A0218_8B_R_FR01,4627
TCGA-AA-A00F-01A-31_W_VU_20121222_A0218_8B_R_FR02,4771
TCGA-AA-A00F-01A-31_W_VU_20121222_A0218_8B_R_FR03,4310
TCGA-AA-A00F-01A-31_W_VU_20121223_A0218_8B_R_FR04,3674
TCGA-AA-A00F-01A-31_W_VU_20121223_A0218_8B_R_FR05,3833
TCGA-AA-A00F-01A-31_W_VU_20121223_A0218_8B_R_FR06,3805
TCGA-AA-A00F-01A-31_W_VU_20121223_A0218_8B_R_FR07,3897
TCGA-AA-A00F-01A-31_W_VU_20121223_A0218_8B_R_FR08,3806
TCGA-AA-A00F-01A-31_W_VU_20121223_A0218_8B_R_FR09,4137
TCGA-AA-A00F-01A-31_W_VU_20121223_A0218_8B_R_FR10,4429
TCGA-AA-A00F-01A-31_W_VU_20121223_A0218_8B_R_FR11,3583
TCGA-AA-A00F-01A-31_W_VU_20121223_A0218_8B_R_FR12,3746
TCGA-AA-A00F-01A-31_W_VU_20121223_A0218_8B_R_FR13,3521
TCGA-AA-A00F-01A-31_W_VU_20121223_A0218_8B_R_FR14,4450
TCGA-AA-A00F-01A-31_W_VU_20121223_A0218_8B_R_FR15,4063
TCGA-AA-A00J-01A-12_W_VU_20120804_A0218_1F_R_FR01,3260
TCGA-AA-A00J-01A-12_W_VU_20120804_A0218_1F_R_FR02,3461
TCGA-AA-A00J-01A-12_W_VU_20120804_A0218_1F_R_FR03,3526
TCGA-AA-A00J-01A-12_W_VU_20120804_A0218_1F_R_FR04,3268
TCGA-AA-A00J-01A-12_W_VU_20120804_A0218_1F_R_FR05,3259
TCGA-AA-A00J-01A-12_W_VU_20120804_A0218_1F_R_FR06,3352
TCGA-AA-A00J-01A-12_W_VU_20120804_A0218_1F_R_FR07,3318
TCGA-AA-A00J-01A-12_W_VU_20120804_A0218_1F_R_FR08,3322
TCGA-AA-A00J-01A-12_W_VU_20120804_A0218_1F_R_FR09,3290
TCGA-AA-A00J-01A-12_W_VU_20120805_A0218_1F_R_FR10,3158
TCGA-AA-A00J-01A-12_W_VU_20120805_A0218_1F_R_FR11,3223
TCGA-AA-A00J-01A-12_W_VU_20120805_A0218_1F_R_FR12,3174
TCGA-AA-A00J-01A-12_W_VU_20120805_A0218_1F_R_FR13,3220
TCGA-AA-A00J-01A-12_W_VU_20120805_A0218_1F_R_FR14,2919
TCGA-AA-A00J-01A-12_W_VU_20120805_A0218_1F_R_FR15,3035
TCGA-AA-A00K-01A-12_W_VU_20121213_A0218_7H_R_FR01,2970
TCGA-AA-A00K-01A-12_W_VU_20121213_A0218_7H_R_FR02,2873
TCGA-AA-A00K-01A-12_W_VU_20121213_A0218_7H_R_FR03,3810
TCGA-AA-A00K-01A-12_W_VU_20121213_A0218_7H_R_FR04,3166
TCGA-AA-A00K-01A-12_W_VU_20121213_A0218_7H_R_FR05,2478
TCGA-AA-A00K-01A-12_W_VU_20121213_A0218_7H_R_FR06,2182
TCGA-AA-A00K-01A-12_W_VU_20121213_A0218_7H_R_FR07,2148
TCGA-AA-A00K-01A-12_W_VU_20121213_A0218_7H_R_FR08,1959
TCGA-AA-A00K-01A-12_W_VU_20121213_A0218_7H_R_FR09,2292
TCGA-AA-A00K-01A-12_W_VU_20121213_A0218_7H_R_FR10,2213
TCGA-AA-A00K-01A-12_W_VU_20121213_A0218_7H_R_FR11,2229
TCGA-AA-A00K-01A-12_W_VU_20121213_A0218_7H_R_FR12,1742
TCGA-AA-A00K-01A-12_W_VU_20121213_A0218_7H_R_FR13,2147
TCGA-AA-A00K-01A-12_W_VU_20121214_A0218_7H_R_FR14,1764
TCGA-AA-A00K-01A-12_W_VU_20121214_A0218_7H_R_FR15,2344
TCGA-AA-A00K-01A-31_W_VU_20120912_A0218_3E_R_FR01,3346
TCGA-AA-A00K-01A-31_W_VU_20120912_A0218_3E_R_FR02,3595
TCGA-AA-A00K-01A-31_W_VU_20120912_A0218_3E_R_FR03,3188
TCGA-AA-A00K-01A-31_W_VU_20120912_A0218_3E_R_FR04,2935
TCGA-AA-A00K-01A-31_W_VU_20120912_A0218_3E_R_FR05,3491
TCGA-AA-A00K-01A-31_W_VU_20120912_A0218_3E_R_FR06,3302
TCGA-AA-A00K-01A-31_W_VU_20120912_A0218_3E_R_FR07,3249
TCGA-AA-A00K-01A-31_W_VU_20120913_A0218_3E_R_FR08,3250
TCGA-AA-A00K-01A-31_W_VU_20120913_A0218_3E_R_FR09,3515
TCGA-AA-A00K-01A-31_W_VU_20120913_A0218_3E_R_FR10,3419
TCGA-AA-A00K-01A-31_W_VU_20120913_A0218_3E_R_FR11,3292
TCGA-AA-A00K-01A-31_W_VU_20120913_A0218_3E_R_FR12,3008
TCGA-AA-A00K-01A-31_W_VU_20120913_A0218_3E_R_FR13,2954
TCGA-AA-A00K-01A-31_W_VU_20120913_A0218_3E_R_FR14,2986
TCGA-AA-A00K-01A-31_W_VU_20120913_A0218_3E_R_FR15,2643
TCGA-AA-A00N-01A-32_W_VU_20121027_A0218_5D_R_FR01,3292
TCGA-AA-A00N-01A-32_W_VU_20121027_A0218_5D_R_FR02,3523
TCGA-AA-A00N-01A-32_W_VU_20121027_A0218_5D_R_FR03,2897
TCGA-AA-A00N-01A-32_W_VU_20121027_A0218_5D_R_FR04,3411
TCGA-AA-A00N-01A-32_W_VU_20121027_A0218_5D_R_FR05,3225
TCGA-AA-A00N-01A-32_W_VU_20121028_A0218_5D_R_FR06,3229
TCGA-AA-A00N-01A-32_W_VU_20121028_A0218_5D_R_FR07,3409
TCGA-AA-A00N-01A-32_W_VU_20121028_A0218_5D_R_FR08,3782
TCGA-AA-A00N-01A-32_W_VU_20121028_A0218_5D_R_FR09,3558
TCGA-AA-A00N-01A-32_W_VU_20121028_A0218_5D_R_FR10,3311
TCGA-AA-A00N-01A-32_W_VU_20121028_A0218_5D_R_FR11,2959
TCGA-AA-A00N-01A-32_W_VU_20121028_A0218_5D_R_FR12,3033
TCGA-AA-A00N-01A-32_W_VU_20121028_A0218_5D_R_FR13,3069
TCGA-AA-A00N-01A-32_W_VU_20121028_A0218_5D_R_FR14,2838
TCGA-AA-A00N-01A-32_W_VU_20121028_A0218_5D_R_FR15,2973
TCGA-AA-A00N-01A-41_W_VU_20121127_A0218_6J_R_FR01,2780
TCGA-AA-A00N-01A-41_W_VU_20121127_A0218_6J_R_FR02,3355
TCGA-AA-A00N-01A-41_W_VU_20121127_A0218_6J_R_FR03,3017
TCGA-AA-A00N-01A-41_W_VU_20121127_A0218_6J_R_FR04,2798
TCGA-AA-A00N-01A-41_W_VU_20121127_A0218_6J_R_FR05,2921
TCGA-AA-A00N-01A-41_W_VU_20121127_A0218_6J_R_FR06,2594
TCGA-AA-A00N-01A-41_W_VU_20121127_A0218_6J_R_FR07,2839
TCGA-AA-A00N-01A-41_W_VU_20121127_A0218_6J_R_FR08,3054
TCGA-AA-A00N-01A-41_W_VU_20121128_A0218_6J_R_FR09,3199
TCGA-AA-A00N-01A-41_W_VU_20121128_A0218_6J_R_FR10,3095
TCGA-AA-A00N-01A-41_W_VU_20121128_A0218_6J_R_FR11,2824
TCGA-AA-A00N-01A-41_W_VU_20121128_A0218_6J_R_FR12,2803
TCGA-AA-A00N-01A-41_W_VU_20121128_A0218_6J_R_FR13,2833
TCGA-AA-A00N-01A-41_W_VU_20121128_A0218_6J_R_FR14,2642
TCGA-AA-A00N-01A-41_W_VU_20121128_A0218_6J_R_FR15,2884
TCGA-AA-A00O-01A-13_W_VU_20120816_A0218_2A_R_FR01,5223
TCGA-AA-A00O-01A-13_W_VU_20120816_A0218_2A_R_FR02,5218
TCGA-AA-A00O-01A-13_W_VU_20120816_A0218_2A_R_FR03,5165
TCGA-AA-A00O-01A-13_W_VU_20120816_A0218_2A_R_FR04,5073
TCGA-AA-A00O-01A-13_W_VU_20120816_A0218_2A_R_FR05,4949
TCGA-AA-A00O-01A-13_W_VU_20120816_A0218_2A_R_FR06,4936
TCGA-AA-A00O-01A-13_W_VU_20120816_A0218_2A_R_FR07,4928
TCGA-AA-A00O-01A-13_W_VU_20120816_A0218_2A_R_FR08,4843
TCGA-AA-A00O-01A-13_W_VU_20120817_A0218_2A_R_FR09,4605
TCGA-AA-A00O-01A-13_W_VU_20120817_A0218_2A_R_FR10,4488
TCGA-AA-A00O-01A-13_W_VU_20120817_A0218_2A_R_FR11,4586
TCGA-AA-A00O-01A-13_W_VU_20120817_A0218_2A_R_FR12,4419
TCGA-AA-A00O-01A-13_W_VU_20120817_A0218_2A_R_FR13,4808
TCGA-AA-A00O-01A-13_W_VU_20120817_A0218_2A_R_FR14,4647
TCGA-AA-A00O-01A-13_W_VU_20120817_A0218_2A_R_FR15,4603
TCGA-AA-A00R-01A-22_W_VU_20121103_A0218_5G_R_FR01,4618
TCGA-AA-A00R-01A-22_W_VU_20121103_A0218_5G_R_FR02,5112
TCGA-AA-A00R-01A-22_W_VU_20121103_A0218_5G_R_FR03,4288
TCGA-AA-A00R-01A-22_W_VU_20121103_A0218_5G_R_FR04,4656
TCGA-AA-A00R-01A-22_W_VU_20121103_A0218_5G_R_FR05,4493
TCGA-AA-A00R-01A-22_W_VU_20121103_A0218_5G_R_FR06,4277
TCGA-AA-A00R-01A-22_W_VU_20121103_A0218_5G_R_FR07,4439
TCGA-AA-A00R-01A-22_W_VU_20121103_A0218_5G_R_FR08,4783
TCGA-AA-A00R-01A-22_W_VU_20121103_A0218_5G_R_FR09,4396
TCGA-AA-A00R-01A-22_W_VU_20121103_A0218_5G_R_FR10,4579
TCGA-AA-A00R-01A-22_W_VU_20121103_A0218_5G_R_FR11,4309
TCGA-AA-A00R-01A-22_W_VU_20121103_A0218_5G_R_FR12,4160
TCGA-AA-A00R-01A-22_W_VU_20121103_A0218_5G_R_FR13,4498
TCGA-AA-A00R-01A-22_W_VU_20121103_A0218_5G_R_FR14,4275
TCGA-AA-A00R-01A-22_W_VU_20121103_A0218_5G_R_FR15,4498
TCGA-AA-A00R-01A-31_W_VU_20121227_A0218_8E_R_FR01,5236
TCGA-AA-A00R-01A-31_W_VU_20121227_A0218_8E_R_FR02,5103
TCGA-AA-A00R-01A-31_W_VU_20121227_A0218_8E_R_FR03,4937
TCGA-AA-A00R-01A-31_W_VU_20121227_A0218_8E_R_FR04,4262
TCGA-AA-A00R-01A-31_W_VU_20121228_A0218_8E_R_FR05,3683
TCGA-AA-A00R-01A-31_W_VU_20121228_A0218_8E_R_FR06,4697
TCGA-AA-A00R-01A-31_W_VU_20121228_A0218_8E_R_FR07,4740
TCGA-AA-A00R-01A-31_W_VU_20121228_A0218_8E_R_FR08,4544
TCGA-AA-A00R-01A-31_W_VU_20121228_A0218_8E_R_FR09,4879
TCGA-AA-A00R-01A-31_W_VU_20121228_A0218_8E_R_FR10,4684
TCGA-AA-A00R-01A-31_W_VU_20121228_A0218_8E_R_FR11,4555
TCGA-AA-A00R-01A-31_W_VU_20121228_A0218_8E_R_FR12,4841
TCGA-AA-A00R-01A-31_W_VU_20121228_A0218_8E_R_FR13,4631
TCGA-AA-A00R-01A-31_W_VU_20121228_A0218_8E_R_FR14,4750
TCGA-AA-A00R-01A-31_W_VU_20121228_A0218_8E_R_FR15,4379
TCGA-AA-A00U-01A-41_W_VU_20130201_A0218_9J_R_FR01,4701
TCGA-AA-A00U-01A-41_W_VU_20130201_A0218_9J_R_FR02,5089
TCGA-AA-A00U-01A-41_W_VU_20130201_A0218_9J_R_FR03,4880
TCGA-AA-A00U-01A-41_W_VU_20130201_A0218_9J_R_FR04,4466
TCGA-AA-A00U-01A-41_W_VU_20130201_A0218_9J_R_FR05,4295
TCGA-AA-A00U-01A-41_W_VU_20130201_A0218_9J_R_FR06,4064
TCGA-AA-A00U-01A-41_W_VU_20130201_A0218_9J_R_FR07,4166
TCGA-AA-A00U-01A-41_W_VU_20130201_A0218_9J_R_FR08,3745
TCGA-AA-A00U-01A-41_W_VU_20130201_A0218_9J_R_FR09,4264
TCGA-AA-A00U-01A-41_W_VU_20130201_A0218_9J_R_FR10,4329
TCGA-AA-A00U-01A-41_W_VU_20130202_A0218_9J_R_FR11,4411
TCGA-AA-A00U-01A-41_W_VU_20130202_A0218_9J_R_FR12,4577
TCGA-AA-A00U-01A-41_W_VU_20130202_A0218_9J_R_FR13,4679
TCGA-AA-A00U-01A-41_W_VU_20130202_A0218_9J_R_FR14,4824
TCGA-AA-A00U-01A-41_W_VU_20130202_A0218_9J_R_FR15,3901
TCGA-AA-A010-01A-31_W_VU_20120925_A0218_3J_R_FR01,4522
TCGA-AA-A010-01A-31_W_VU_20120925_A0218_3J_R_FR02,4778
TCGA-AA-A010-01A-31_W_VU_20120925_A0218_3J_R_FR03,4082
TCGA-AA-A010-01A-31_W_VU_20120925_A0218_3J_R_FR04,3040
TCGA-AA-A010-01A-31_W_VU_20120925_A0218_3J_R_FR05,4023
TCGA-AA-A010-01A-31_W_VU_20120925_A0218_3J_R_FR06,3902
TCGA-AA-A010-01A-31_W_VU_20120926_A0218_3J_R_FR07,3936
TCGA-AA-A010-01A-31_W_VU_20120926_A0218_3J_R_FR08,4531
TCGA-AA-A010-01A-31_W_VU_20120926_A0218_3J_R_FR09,4378
TCGA-AA-A010-01A-31_W_VU_20120926_A0218_3J_R_FR10,4137
TCGA-AA-A010-01A-31_W_VU_20120926_A0218_3J_R_FR11,3846
TCGA-AA-A010-01A-31_W_VU_20120926_A0218_3J_R_FR12,3873
TCGA-AA-A010-01A-31_W_VU_20120926_A0218_3J_R_FR13,4030
TCGA-AA-A010-01A-31_W_VU_20120926_A0218_3J_R_FR14,3759
TCGA-AA-A010-01A-31_W_VU_20120926_A0218_3J_R_FR15,4321
TCGA-AA-A017-01A-22_W_VU_20120817_A0218_2B_R_FR01,4854
TCGA-AA-A017-01A-22_W_VU_20120817_A0218_2B_R_FR02,5142
TCGA-AA-A017-01A-22_W_VU_20120817_A0218_2B_R_FR03,5009
TCGA-AA-A017-01A-22_W_VU_20120817_A0218_2B_R_FR04,5016
TCGA-AA-A017-01A-22_W_VU_20120818_A0218_2B_R_FR05,4794
TCGA-AA-A017-01A-22_W_VU_20120818_A0218_2B_R_FR06,4822
TCGA-AA-A017-01A-22_W_VU_20120818_A0218_2B_R_FR07,4718
TCGA-AA-A017-01A-22_W_VU_20120818_A0218_2B_R_FR08,4777
TCGA-AA-A017-01A-22_W_VU_20120818_A0218_2B_R_FR09,4912
TCGA-AA-A017-01A-22_W_VU_20120818_A0218_2B_R_FR10,4710
TCGA-AA-A017-01A-22_W_VU_20120818_A0218_2B_R_FR11,4505
TCGA-AA-A017-01A-22_W_VU_20120818_A0218_2B_R_FR12,4569
TCGA-AA-A017-01A-22_W_VU_20120818_A0218_2B_R_FR13,4866
TCGA-AA-A017-01A-22_W_VU_20120818_A0218_2B_R_FR14,4616
TCGA-AA-A017-01A-22_W_VU_20120818_A0218_2B_R_FR15,4733
TCGA-AA-A01C-01A-22_W_VU_20121015_A0218_4F_R_FR01,4833
TCGA-AA-A01C-01A-22_W_VU_20121015_A0218_4F_R_FR02,5319
TCGA-AA-A01C-01A-22_W_VU_20121015_A0218_4F_R_FR03,4985
TCGA-AA-A01C-01A-22_W_VU_20121015_A0218_4F_R_FR04,4766
TCGA-AA-A01C-01A-22_W_VU_20121015_A0218_4F_R_FR05,4675
TCGA-AA-A01C-01A-22_W_VU_20121015_A0218_4F_R_FR06,4910
TCGA-AA-A01C-01A-22_W_VU_20121015_A0218_4F_R_FR07,4984
TCGA-AA-A01C-01A-22_W_VU_20121015_A0218_4F_R_FR08,5342
TCGA-AA-A01C-01A-22_W_VU_20121015_A0218_4F_R_FR09,4792
TCGA-AA-A01C-01A-22_W_VU_20121015_A0218_4F_R_FR10,4704
TCGA-AA-A01C-01A-22_W_VU_20121016_A0218_4F_R_FR11,4332
TCGA-AA-A01C-01A-22_W_VU_20121016_A0218_4F_R_FR12,4031
TCGA-AA-A01C-01A-22_W_VU_20121016_A0218_4F_R_FR13,4757
TCGA-AA-A01C-01A-22_W_VU_20121016_A0218_4F_R_FR14,4372
TCGA-AA-A01C-01A-22_W_VU_20121016_A0218_4F_R_FR15,4415
TCGA-AA-A01D-01A-23_W_VU_20121105_A0218_5I_R_FR01,2910
TCGA-AA-A01D-01A-23_W_VU_20121105_A0218_5I_R_FR02,3074
TCGA-AA-A01D-01A-23_W_VU_20121105_A0218_5I_R_FR03,2663
TCGA-AA-A01D-01A-23_W_VU_20121105_A0218_5I_R_FR04,2933
TCGA-AA-A01D-01A-23_W_VU_20121105_A0218_5I_R_FR05,2743
TCGA-AA-A01D-01A-23_W_VU_20121106_A0218_5I_R_FR06,2536
TCGA-AA-A01D-01A-23_W_VU_20121106_A0218_5I_R_FR07,2628
TCGA-AA-A01D-01A-23_W_VU_20121106_A0218_5I_R_FR08,2801
TCGA-AA-A01D-01A-23_W_VU_20121106_A0218_5I_R_FR09,2768
TCGA-AA-A01D-01A-23_W_VU_20121106_A0218_5I_R_FR10,2977
TCGA-AA-A01D-01A-23_W_VU_20121106_A0218_5I_R_FR11,2769
TCGA-AA-A01D-01A-23_W_VU_20121106_A0218_5I_R_FR12,2555
TCGA-AA-A01D-01A-23_W_VU_20121106_A0218_5I_R_FR13,2789
TCGA-AA-A01D-01A-23_W_VU_20121106_A0218_5I_R_FR14,2620
TCGA-AA-A01D-01A-23_W_VU_20121106_A0218_5I_R_FR15,2852
TCGA-AA-A01F-01A-23_W_VU_20120727_A0218_1B_R_FR01,2272
TCGA-AA-A01F-01A-23_W_VU_20120727_A0218_1B_R_FR02,2190
TCGA-AA-A01F-01A-23_W_VU_20120727_A0218_1B_R_FR03,2121
TCGA-AA-A01F-01A-23_W_VU_20120727_A0218_1B_R_FR04,2108
TCGA-AA-A01F-01A-23_W_VU_20120727_A0218_1B_R_FR05,3668
TCGA-AA-A01F-01A-23_W_VU_20120728_A0218_1B_R_FR06,3380
TCGA-AA-A01F-01A-23_W_VU_20120728_A0218_1B_R_FR07,2055
TCGA-AA-A01F-01A-23_W_VU_20120728_A0218_1B_R_FR08,2357
TCGA-AA-A01F-01A-23_W_VU_20120728_A0218_1B_R_FR09,2555
TCGA-AA-A01F-01A-23_W_VU_20120728_A0218_1B_R_FR10,2687
TCGA-AA-A01F-01A-23_W_VU_20120728_A0218_1B_R_FR11,2706
TCGA-AA-A01F-01A-23_W_VU_20120728_A0218_1B_R_FR12,2631
TCGA-AA-A01F-01A-23_W_VU_20120728_A0218_1B_R_FR13,2559
TCGA-AA-A01F-01A-23_W_VU_20120728_A0218_1B_R_FR14,3215
TCGA-AA-A01F-01A-23_W_VU_20120728_A0218_1B_R_FR15,2325
TCGA-AA-A01I-01A-12_W_VU_20121118_A0218_6E_R_FR01,3482
TCGA-AA-A01I-01A-12_W_VU_20121118_A0218_6E_R_FR02,3891
TCGA-AA-A01I-01A-12_W_VU_20121118_A0218_6E_R_FR03,3543
TCGA-AA-A01I-01A-12_W_VU_20121118_A0218_6E_R_FR04,3435
TCGA-AA-A01I-01A-12_W_VU_20121118_A0218_6E_R_FR05,3358
TCGA-AA-A01I-01A-12_W_VU_20121118_A0218_6E_R_FR06,3148
TCGA-AA-A01I-01A-12_W_VU_20121118_A0218_6E_R_FR07,3379
TCGA-AA-A01I-01A-12_W_VU_20121118_A0218_6E_R_FR08,3783
TCGA-AA-A01I-01A-12_W_VU_20121118_A0218_6E_R_FR09,3580
TCGA-AA-A01I-01A-12_W_VU_20121118_A0218_6E_R_FR10,3328
TCGA-AA-A01I-01A-12_W_VU_20121118_A0218_6E_R_FR11,3496
TCGA-AA-A01I-01A-12_W_VU_20121119_A0218_6E_R_FR12,3524
TCGA-AA-A01I-01A-12_W_VU_20121119_A0218_6E_R_FR13,3462
TCGA-AA-A01I-01A-12_W_VU_20121119_A0218_6E_R_FR14,3407
TCGA-AA-A01I-01A-12_W_VU_20121119_A0218_6E_R_FR15,2997
TCGA-AA-A01K-01A-31_W_VU_20121116_A0218_6D_R_FR01,3464
TCGA-AA-A01K-01A-31_W_VU_20121117_A0218_6D_R_FR02,3738
TCGA-AA-A01K-01A-31_W_VU_20121117_A0218_6D_R_FR03,3513
TCGA-AA-A01K-01A-31_W_VU_20121117_A0218_6D_R_FR04,3441
TCGA-AA-A01K-01A-31_W_VU_20121117_A0218_6D_R_FR05,3595
TCGA-AA-A01K-01A-31_W_VU_20121117_A0218_6D_R_FR06,3349
TCGA-AA-A01K-01A-31_W_VU_20121117_A0218_6D_R_FR07,3764
TCGA-AA-A01K-01A-31_W_VU_20121117_A0218_6D_R_FR08,3481
TCGA-AA-A01K-01A-31_W_VU_20121117_A0218_6D_R_FR09,3617
TCGA-AA-A01K-01A-31_W_VU_20121117_A0218_6D_R_FR10,3569
TCGA-AA-A01K-01A-31_W_VU_20121117_A0218_6D_R_FR11,3448
TCGA-AA-A01K-01A-31_W_VU_20121117_A0218_6D_R_FR12,3407
TCGA-AA-A01K-01A-31_W_VU_20121117_A0218_6D_R_FR13,3650
TCGA-AA-A01K-01A-31_W_VU_20121117_A0218_6D_R_FR14,3526
TCGA-AA-A01K-01A-31_W_VU_20121117_A0218_6D_R_FR15,3612
TCGA-AA-A01P-01A-23_W_VU_20121214_A0218_7I_R_FR01,4085
TCGA-AA-A01P-01A-23_W_VU_20121214_A0218_7I_R_FR02,4881
TCGA-AA-A01P-01A-23_W_VU_20121214_A0218_7I_R_FR03,4856
TCGA-AA-A01P-01A-23_W_VU_20121214_A0218_7I_R_FR04,4100
TCGA-AA-A01P-01A-23_W_VU_20121214_A0218_7I_R_FR05,3856
TCGA-AA-A01P-01A-23_W_VU_20121215_A0218_7I_R_FR06,3378
TCGA-AA-A01P-01A-23_W_VU_20121215_A0218_7I_R_FR07,2571
TCGA-AA-A01P-01A-23_W_VU_20121215_A0218_7I_R_FR08,2550
TCGA-AA-A01P-01A-23_W_VU_20121215_A0218_7I_R_FR09,3081
TCGA-AA-A01P-01A-23_W_VU_20121215_A0218_7I_R_FR10,2957
TCGA-AA-A01P-01A-23_W_VU_20121215_A0218_7I_R_FR11,3364
TCGA-AA-A01P-01A-23_W_VU_20121215_A0218_7I_R_FR12,3107
TCGA-AA-A01P-01A-23_W_VU_20121215_A0218_7I_R_FR13,3110
TCGA-AA-A01P-01A-23_W_VU_20121215_A0218_7I_R_FR14,3161
TCGA-AA-A01P-01A-23_W_VU_20121215_A0218_7I_R_FR15,3014
TCGA-AA-A01R-01A-23_W_VU_20120829_A0218_2J_R_FR01,3953
TCGA-AA-A01R-01A-23_W_VU_20120829_A0218_2J_R_FR02,3819
TCGA-AA-A01R-01A-23_W_VU_20120829_A0218_2J_R_FR03,4322
TCGA-AA-A01R-01A-23_W_VU_20120829_A0218_2J_R_FR04,4336
TCGA-AA-A01R-01A-23_W_VU_20120829_A0218_2J_R_FR05,4299
TCGA-AA-A01R-01A-23_W_VU_20120830_A0218_2J_R_FR06,3726
TCGA-AA-A01R-01A-23_W_VU_20120830_A0218_2J_R_FR07,3776
TCGA-AA-A01R-01A-23_W_VU_20120830_A0218_2J_R_FR08,4154
TCGA-AA-A01R-01A-23_W_VU_20120830_A0218_2J_R_FR09,4069
TCGA-AA-A01R-01A-23_W_VU_20120830_A0218_2J_R_FR10,4203
TCGA-AA-A01R-01A-23_W_VU_20120830_A0218_2J_R_FR11,4227
TCGA-AA-A01R-01A-23_W_VU_20120830_A0218_2J_R_FR12,4024
TCGA-AA-A01R-01A-23_W_VU_20120830_A0218_2J_R_FR13,3877
TCGA-AA-A01R-01A-23_W_VU_20120830_A0218_2J_R_FR14,4139
TCGA-AA-A01R-01A-23_W_VU_20120830_A0218_2J_R_FR15,4019
TCGA-AA-A01S-01A-23_W_VU_20121121_A0218_6F_R_FR01,3454
TCGA-AA-A01S-01A-23_W_VU_20121121_A0218_6F_R_FR02,3481
TCGA-AA-A01S-01A-23_W_VU_20121121_A0218_6F_R_FR03,3376
TCGA-AA-A01S-01A-23_W_VU_20121121_A0218_6F_R_FR04,3084
TCGA-AA-A01S-01A-23_W_VU_20121121_A0218_6F_R_FR05,3468
TCGA-AA-A01S-01A-23_W_VU_20121121_A0218_6F_R_FR06,3401
TCGA-AA-A01S-01A-23_W_VU_20121121_A0218_6F_R_FR07,3602
TCGA-AA-A01S-01A-23_W_VU_20121121_A0218_6F_R_FR08,3824
TCGA-AA-A01S-01A-23_W_VU_20121121_A0218_6F_R_FR09,3231
TCGA-AA-A01S-01A-23_W_VU_20121121_A0218_6F_R_FR10,3290
TCGA-AA-A01S-01A-23_W_VU_20121121_A0218_6F_R_FR11,3437
TCGA-AA-A01S-01A-23_W_VU_20121121_A0218_6F_R_FR12,3460
TCGA-AA-A01S-01A-23_W_VU_20121122_A0218_6F_R_FR13,3262
TCGA-AA-A01S-01A-23_W_VU_20121122_A0218_6F_R_FR14,3551
TCGA-AA-A01S-01A-23_W_VU_20121122_A0218_6F_R_FR15,2856
TCGA-AA-A01T-01A-23_W_VU_20130103_A0218_8H_R_FR01,3677
TCGA-AA-A01T-01A-23_W_VU_20130103_A0218_8H_R_FR02,3994
TCGA-AA-A01T-01A-23_W_VU_20130103_A0218_8H_R_FR03,4003
TCGA-AA-A01T-01A-23_W_VU_20130103_A0218_8H_R_FR04,3588
TCGA-AA-A01T-01A-23_W_VU_20130103_A0218_8H_R_FR05,3987
TCGA-AA-A01T-01A-23_W_VU_20130103_A0218_8H_R_FR06,3579
TCGA-AA-A01T-01A-23_W_VU_20130103_A0218_8H_R_FR07,3441
TCGA-AA-A01T-01A-23_W_VU_20130103_A0218_8H_R_FR08,3749
TCGA-AA-A01T-01A-23_W_VU_20130103_A0218_8H_R_FR09,3249
TCGA-AA-A01T-01A-23_W_VU_20130104_A0218_8H_R_FR10,3371
TCGA-AA-A01T-01A-23_W_VU_20130104_A0218_8H_R_FR11,3304
TCGA-AA-A01T-01A-23_W_VU_20130104_A0218_8H_R_FR12,3095
TCGA-AA-A01T-01A-23_W_VU_20130104_A0218_8H_R_FR13,2956
TCGA-AA-A01T-01A-23_W_VU_20130104_A0218_8H_R_FR14,3270
TCGA-AA-A01T-01A-23_W_VU_20130104_A0218_8H_R_FR15,2803
TCGA-AA-A01V-01A-24_W_VU_20121124_A0218_6H_R_FR01,4138
TCGA-AA-A01V-01A-24_W_VU_20121124_A0218_6H_R_FR02,4384
TCGA-AA-A01V-01A-24_W_VU_20121124_A0218_6H_R_FR03,3912
TCGA-AA-A01V-01A-24_W_VU_20121124_A0218_6H_R_FR04,3958
TCGA-AA-A01V-01A-24_W_VU_20121124_A0218_6H_R_FR05,3903
TCGA-AA-A01V-01A-24_W_VU_20121124_A0218_6H_R_FR06,3646
TCGA-AA-A01V-01A-24_W_VU_20121124_A0218_6H_R_FR07,4053
TCGA-AA-A01V-01A-24_W_VU_20121124_A0218_6H_R_FR08,4224
TCGA-AA-A01V-01A-24_W_VU_20121125_A0218_6H_R_FR09,3939
TCGA-AA-A01V-01A-24_W_VU_20121125_A0218_6H_R_FR10,4167
TCGA-AA-A01V-01A-24_W_VU_20121125_A0218_6H_R_FR11,3916
TCGA-AA-A01V-01A-24_W_VU_20121125_A0218_6H_R_FR12,3859
TCGA-AA-A01V-01A-24_W_VU_20121125_A0218_6H_R_FR13,4130
TCGA-AA-A01V-01A-24_W_VU_20121125_A0218_6H_R_FR14,3907
TCGA-AA-A01V-01A-24_W_VU_20121125_A0218_6H_R_FR15,4255
TCGA-AA-A01X-01A-23_W_VU_20120807_A0218_1H_R_FR01,3124
TCGA-AA-A01X-01A-23_W_VU_20120807_A0218_1H_R_FR02,3464
TCGA-AA-A01X-01A-23_W_VU_20120807_A0218_1H_R_FR03,3406
TCGA-AA-A01X-01A-23_W_VU_20120807_A0218_1H_R_FR04,3234
TCGA-AA-A01X-01A-23_W_VU_20120807_A0218_1H_R_FR05,3375
TCGA-AA-A01X-01A-23_W_VU_20120807_A0218_1H_R_FR06,3396
TCGA-AA-A01X-01A-23_W_VU_20120807_A0218_1H_R_FR07,3452
TCGA-AA-A01X-01A-23_W_VU_20120807_A0218_1H_R_FR08,3509
TCGA-AA-A01X-01A-23_W_VU_20120807_A0218_1H_R_FR09,3430
TCGA-AA-A01X-01A-23_W_VU_20120807_A0218_1H_R_FR10,3288
TCGA-AA-A01X-01A-23_W_VU_20120807_A0218_1H_R_FR11,3258
TCGA-AA-A01X-01A-23_W_VU_20120807_A0218_1H_R_FR12,3308
TCGA-AA-A01X-01A-23_W_VU_20120807_A0218_1H_R_FR13,3264
TCGA-AA-A01X-01A-23_W_VU_20120807_A0218_1H_R_FR14,3139
TCGA-AA-A01X-01A-23_W_VU_20120808_A0218_1H_R_FR15,3155
TCGA-AA-A01Z-01A-13_W_VU_20120907_A0218_3A_R_FR01,2475
TCGA-AA-A01Z-01A-13_W_VU_20120907_A0218_3A_R_FR02,2973
TCGA-AA-A01Z-01A-13_W_VU_20120907_A0218_3A_R_FR03,2234
TCGA-AA-A01Z-01A-13_W_VU_20120907_A0218_3A_R_FR04,2111
TCGA-AA-A01Z-01A-13_W_VU_20120907_A0218_3A_R_FR05,8069
TCGA-AA-A01Z-01A-13_W_VU_20120907_A0218_3A_R_FR06,3486
TCGA-AA-A01Z-01A-13_W_VU_20120907_A0218_3A_R_FR07,2401
TCGA-AA-A01Z-01A-13_W_VU_20120907_A0218_3A_R_FR08,1914
TCGA-AA-A01Z-01A-13_W_VU_20120907_A0218_3A_R_FR09,2393
TCGA-AA-A01Z-01A-13_W_VU_20120907_A0218_3A_R_FR10,2167
TCGA-AA-A01Z-01A-13_W_VU_20120907_A0218_3A_R_FR11,2367
TCGA-AA-A01Z-01A-13_W_VU_20120907_A0218_3A_R_FR12,2293
TCGA-AA-A01Z-01A-13_W_VU_20120907_A0218_3A_R_FR13,2484
TCGA-AA-A01Z-01A-13_W_VU_20120907_A0218_3A_R_FR14,2660
TCGA-AA-A01Z-01A-13_W_VU_20120907_A0218_3A_R_FR15,2162
TCGA-AA-A022-01A-23_W_VU_20130118_A0218_9D_R_FR01,3883
TCGA-AA-A022-01A-23_W_VU_20130118_A0218_9D_R_FR02,4654
TCGA-AA-A022-01A-23_W_VU_20130118_A0218_9D_R_FR03,4170
TCGA-AA-A022-01A-23_W_VU_20130118_A0218_9D_R_FR04,3682
TCGA-AA-A022-01A-23_W_VU_20130118_A0218_9D_R_FR05,3209
TCGA-AA-A022-01A-23_W_VU_20130119_A0218_9D_R_FR06,3529
TCGA-AA-A022-01A-23_W_VU_20130119_A0218_9D_R_FR07,3656
TCGA-AA-A022-01A-23_W_VU_20130119_A0218_9D_R_FR08,3975
TCGA-AA-A022-01A-23_W_VU_20130119_A0218_9D_R_FR09,3401
TCGA-AA-A022-01A-23_W_VU_20130119_A0218_9D_R_FR10,3509
TCGA-AA-A022-01A-23_W_VU_20130119_A0218_9D_R_FR11,3471
TCGA-AA-A022-01A-23_W_VU_20130119_A0218_9D_R_FR12,2620
TCGA-AA-A022-01A-23_W_VU_20130119_A0218_9D_R_FR13,3360
TCGA-AA-A022-01A-23_W_VU_20130119_A0218_9D_R_FR14,2894
TCGA-AA-A022-01A-23_W_VU_20130119_A0218_9D_R_FR15,3411
TCGA-AA-A024-01A-32_W_VU_20130114_A0218_9A_R_FR01,3729
TCGA-AA-A024-01A-32_W_VU_20130114_A0218_9A_R_FR02,3531
TCGA-AA-A024-01A-32_W_VU_20130114_A0218_9A_R_FR03,3621
TCGA-AA-A024-01A-32_W_VU_20130115_A0218_9A_R_FR04,3490
TCGA-AA-A024-01A-32_W_VU_20130115_A0218_9A_R_FR05,3365
TCGA-AA-A024-01A-32_W_VU_20130115_A0218_9A_R_FR06,3194
TCGA-AA-A024-01A-32_W_VU_20130115_A0218_9A_R_FR07,3363
TCGA-AA-A024-01A-32_W_VU_20130115_A0218_9A_R_FR08,2989
TCGA-AA-A024-01A-32_W_VU_20130115_A0218_9A_R_FR09,3049
TCGA-AA-A024-01A-32_W_VU_20130115_A0218_9A_R_FR10,3071
TCGA-AA-A024-01A-32_W_VU_20130115_A0218_9A_R_FR11,2858
TCGA-AA-A024-01A-32_W_VU_20130115_A0218_9A_R_FR12,3291
TCGA-AA-A024-01A-32_W_VU_20130115_A0218_9A_R_FR13,2984
TCGA-AA-A024-01A-32_W_VU_20130115_A0218_9A_R_FR14,2966
TCGA-AA-A024-01A-32_W_VU_20130115_A0218_9A_R_FR15,3368
TCGA-AA-A029-01A-41_W_VU_20121009_A0218_4C_R_FR01,5252
TCGA-AA-A029-01A-41_W_VU_20121009_A0218_4C_R_FR02,5236
TCGA-AA-A029-01A-41_W_VU_20121009_A0218_4C_R_FR03,5202
TCGA-AA-A029-01A-41_W_VU_20121009_A0218_4C_R_FR04,4715
TCGA-AA-A029-01A-41_W_VU_20121010_A0218_4C_R_FR05,4737
TCGA-AA-A029-01A-41_W_VU_20121010_A0218_4C_R_FR06,4999
TCGA-AA-A029-01A-41_W_VU_20121010_A0218_4C_R_FR07,4664
TCGA-AA-A029-01A-41_W_VU_20121010_A0218_4C_R_FR08,4968
TCGA-AA-A029-01A-41_W_VU_20121010_A0218_4C_R_FR09,5377
TCGA-AA-A029-01A-41_W_VU_20121010_A0218_4C_R_FR10,5256
TCGA-AA-A029-01A-41_W_VU_20121010_A0218_4C_R_FR11,4536
TCGA-AA-A029-01A-41_W_VU_20121010_A0218_4C_R_FR12,4766
TCGA-AA-A029-01A-41_W_VU_20121010_A0218_4C_R_FR13,4883
TCGA-AA-A029-01A-41_W_VU_20121010_A0218_4C_R_FR14,4281
TCGA-AA-A029-01A-41_W_VU_20121010_A0218_4C_R_FR15,4931
TCGA-AA-A02E-01A-23_W_VU_20120908_A0218_3B_R_FR01,3320
TCGA-AA-A02E-01A-23_W_VU_20120908_A0218_3B_R_FR02,2602
TCGA-AA-A02E-01A-23_W_VU_20120908_A0218_3B_R_FR03,3333
TCGA-AA-A02E-01A-23_W_VU_20120908_A0218_3B_R_FR04,3223
TCGA-AA-A02E-01A-23_W_VU_20120908_A0218_3B_R_FR05,3167
TCGA-AA-A02E-01A-23_W_VU_20120908_A0218_3B_R_FR06,3316
TCGA-AA-A02E-01A-23_W_VU_20120908_A0218_3B_R_FR07,3419
TCGA-AA-A02E-01A-23_W_VU_20120908_A0218_3B_R_FR08,3220
TCGA-AA-A02E-01A-23_W_VU_20120908_A0218_3B_R_FR09,3435
TCGA-AA-A02E-01A-23_W_VU_20120908_A0218_3B_R_FR10,3831
TCGA-AA-A02E-01A-23_W_VU_20120909_A0218_3B_R_FR11,3534
TCGA-AA-A02E-01A-23_W_VU_20120909_A0218_3B_R_FR12,3386
TCGA-AA-A02E-01A-23_W_VU_20120909_A0218_3B_R_FR13,3526
TCGA-AA-A02E-01A-23_W_VU_20120909_A0218_3B_R_FR14,3320
TCGA-AA-A02E-01A-23_W_VU_20120909_A0218_3B_R_FR15,3094
TCGA-AA-A02H-01A-32_W_VU_20121025_A0218_5B_R_FR01,3600
TCGA-AA-A02H-01A-32_W_VU_20121025_A0218_5B_R_FR02,4013
TCGA-AA-A02H-01A-32_W_VU_20121025_A0218_5B_R_FR03,3481
TCGA-AA-A02H-01A-32_W_VU_20121025_A0218_5B_R_FR04,3503
TCGA-AA-A02H-01A-32_W_VU_20121025_A0218_5B_R_FR05,3345
TCGA-AA-A02H-01A-32_W_VU_20121025_A0218_5B_R_FR06,3297
TCGA-AA-A02H-01A-32_W_VU_20121025_A0218_5B_R_FR07,3683
TCGA-AA-A02H-01A-32_W_VU_20121025_A0218_5B_R_FR08,3971
TCGA-AA-A02H-01A-32_W_VU_20121025_A0218_5B_R_FR09,3585
TCGA-AA-A02H-01A-32_W_VU_20121025_A0218_5B_R_FR10,3659
TCGA-AA-A02H-01A-32_W_VU_20121025_A0218_5B_R_FR11,3407
TCGA-AA-A02H-01A-32_W_VU_20121025_A0218_5B_R_FR12,3394
TCGA-AA-A02H-01A-32_W_VU_20121025_A0218_5B_R_FR13,3655
TCGA-AA-A02H-01A-32_W_VU_20121025_A0218_5B_R_FR14,3476
TCGA-AA-A02H-01A-32_W_VU_20121025_A0218_5B_R_FR15,3117
TCGA-AA-A02J-01A-23_W_VU_20121126_A0218_6I_R_FR01,2212
TCGA-AA-A02J-01A-23_W_VU_20121126_A0218_6I_R_FR02,2908
TCGA-AA-A02J-01A-23_W_VU_20121126_A0218_6I_R_FR03,2563
TCGA-AA-A02J-01A-23_W_VU_20121126_A0218_6I_R_FR04,2093
TCGA-AA-A02J-01A-23_W_VU_20121126_A0218_6I_R_FR05,2453
TCGA-AA-A02J-01A-23_W_VU_20121126_A0218_6I_R_FR06,2789
TCGA-AA-A02J-01A-23_W_VU_20121126_A0218_6I_R_FR07,2864
TCGA-AA-A02J-01A-23_W_VU_20121126_A0218_6I_R_FR08,2763
TCGA-AA-A02J-01A-23_W_VU_20121126_A0218_6I_R_FR09,2903
TCGA-AA-A02J-01A-23_W_VU_20121126_A0218_6I_R_FR10,2524
TCGA-AA-A02J-01A-23_W_VU_20121126_A0218_6I_R_FR11,2644
TCGA-AA-A02J-01A-23_W_VU_20121126_A0218_6I_R_FR12,2603
TCGA-AA-A02J-01A-23_W_VU_20121126_A0218_6I_R_FR13,3186
TCGA-AA-A02J-01A-23_W_VU_20121126_A0218_6I_R_FR14,3065
TCGA-AA-A02J-01A-23_W_VU_20121127_A0218_6I_R_FR15,2962
TCGA-AA-A02O-01A-23_W_VU_20130205_A0218_10A_R_FR01,4143
TCGA-AA-A02O-01A-23_W_VU_20130205_A0218_10A_R_FR02,5277
TCGA-AA-A02O-01A-23_W_VU_20130205_A0218_10A_R_FR03,4735
TCGA-AA-A02O-01A-23_W_VU_20130205_A0218_10A_R_FR04,4060
TCGA-AA-A02O-01A-23_W_VU_20130205_A0218_10A_R_FR05,2355
TCGA-AA-A02O-01A-23_W_VU_20130206_A0218_10A_R_FR06,3790
TCGA-AA-A02O-01A-23_W_VU_20130206_A0218_10A_R_FR07,3970
TCGA-AA-A02O-01A-23_W_VU_20130206_A0218_10A_R_FR11,3759
TCGA-AA-A02O-01A-23_W_VU_20130206_A0218_10A_R_FR12,3788
TCGA-AA-A02O-01A-23_W_VU_20130206_A0218_10A_R_FR13,4099
TCGA-AA-A02O-01A-23_W_VU_20130206_A0218_10A_R_FR14,3862
TCGA-AA-A02O-01A-23_W_VU_20130206_A0218_10A_R_FR15,3656
TCGA-AA-A02O-01A-23_W_VU_20130207_A0218_10A_R_FR08,4251
TCGA-AA-A02O-01A-23_W_VU_20130208_A0218_10A_R_FR09,3676
TCGA-AA-A02O-01A-23_W_VU_20130208_A0218_10A_R_FR10,3860
TCGA-AA-A02R-01A-23_W_VU_20121104_A0218_5H_R_FR01,4288
TCGA-AA-A02R-01A-23_W_VU_20121104_A0218_5H_R_FR02,4553
TCGA-AA-A02R-01A-23_W_VU_20121104_A0218_5H_R_FR03,4287
TCGA-AA-A02R-01A-23_W_VU_20121104_A0218_5H_R_FR04,4345
TCGA-AA-A02R-01A-23_W_VU_20121104_A0218_5H_R_FR05,4039
TCGA-AA-A02R-01A-23_W_VU_20121104_A0218_5H_R_FR06,3695
TCGA-AA-A02R-01A-23_W_VU_20121104_A0218_5H_R_FR07,4229
TCGA-AA-A02R-01A-23_W_VU_20121104_A0218_5H_R_FR08,4177
TCGA-AA-A02R-01A-23_W_VU_20121104_A0218_5H_R_FR09,4192
TCGA-AA-A02R-01A-23_W_VU_20121104_A0218_5H_R_FR10,4319
TCGA-AA-A02R-01A-23_W_VU_20121105_A0218_5H_R_FR11,4093
TCGA-AA-A02R-01A-23_W_VU_20121105_A0218_5H_R_FR12,3995
TCGA-AA-A02R-01A-23_W_VU_20121105_A0218_5H_R_FR13,4059
TCGA-AA-A02R-01A-23_W_VU_20121105_A0218_5H_R_FR14,3727
TCGA-AA-A02R-01A-23_W_VU_20121105_A0218_5H_R_FR15,3886
TCGA-AA-A02Y-01A-31_W_VU_20120909_A0218_3C_R_FR01,4154
TCGA-AA-A02Y-01A-31_W_VU_20120909_A0218_3C_R_FR02,4756
TCGA-AA-A02Y-01A-31_W_VU_20120909_A0218_3C_R_FR03,4339
TCGA-AA-A02Y-01A-31_W_VU_20120909_A0218_3C_R_FR04,4035
TCGA-AA-A02Y-01A-31_W_VU_20120909_A0218_3C_R_FR05,4491
TCGA-AA-A02Y-01A-31_W_VU_20120909_A0218_3C_R_FR06,4193
TCGA-AA-A02Y-01A-31_W_VU_20120910_A0218_3C_R_FR07,4153
TCGA-AA-A02Y-01A-31_W_VU_20120910_A0218_3C_R_FR08,4152
TCGA-AA-A02Y-01A-31_W_VU_20120910_A0218_3C_R_FR09,4392
TCGA-AA-A02Y-01A-31_W_VU_20120910_A0218_3C_R_FR10,4424
TCGA-AA-A02Y-01A-31_W_VU_20120910_A0218_3C_R_FR11,4294
TCGA-AA-A02Y-01A-31_W_VU_20120910_A0218_3C_R_FR12,4095
TCGA-AA-A02Y-01A-31_W_VU_20120910_A0218_3C_R_FR13,4076
TCGA-AA-A02Y-01A-31_W_VU_20120910_A0218_3C_R_FR14,3983
TCGA-AA-A02Y-01A-31_W_VU_20120910_A0218_3C_R_FR15,3906
TCGA-AA-A03F-01A-41_W_VU_20120923_A0218_3I_R_FR01,4598
TCGA-AA-A03F-01A-41_W_VU_20120923_A0218_3I_R_FR02,5093
TCGA-AA-A03F-01A-41_W_VU_20120923_A0218_3I_R_FR03,4409
TCGA-AA-A03F-01A-41_W_VU_20120923_A0218_3I_R_FR04,4356
TCGA-AA-A03F-01A-41_W_VU_20120923_A0218_3I_R_FR05,4209
TCGA-AA-A03F-01A-41_W_VU_20120923_A0218_3I_R_FR06,4165
TCGA-AA-A03F-01A-41_W_VU_20120923_A0218_3I_R_FR07,4585
TCGA-AA-A03F-01A-41_W_VU_20120923_A0218_3I_R_FR08,5229
TCGA-AA-A03F-01A-41_W_VU_20120923_A0218_3I_R_FR09,4731
TCGA-AA-A03F-01A-41_W_VU_20120923_A0218_3I_R_FR10,4295
TCGA-AA-A03F-01A-41_W_VU_20120923_A0218_3I_R_FR11,3933
TCGA-AA-A03F-01A-41_W_VU_20120923_A0218_3I_R_FR12,4119
TCGA-AA-A03F-01A-41_W_VU_20120924_A0218_3I_R_FR13,3737
TCGA-AA-A03F-01A-41_W_VU_20120924_A0218_3I_R_FR14,3604
TCGA-AA-A03F-01A-41_W_VU_20120924_A0218_3I_R_FR15,3795
TCGA-AA-A03J-01A-23_W_VU_20120809_A0218_1J_R_FR01,3335
TCGA-AA-A03J-01A-23_W_VU_20120809_A0218_1J_R_FR02,3487
TCGA-AA-A03J-01A-23_W_VU_20120809_A0218_1J_R_FR03,3702
TCGA-AA-A03J-01A-23_W_VU_20120809_A0218_1J_R_FR04,3821
TCGA-AA-A03J-01A-23_W_VU_20120809_A0218_1J_R_FR05,3711
TCGA-AA-A03J-01A-23_W_VU_20120810_A0218_1J_R_FR06,3547
TCGA-AA-A03J-01A-23_W_VU_20120810_A0218_1J_R_FR07,3538
TCGA-AA-A03J-01A-23_W_VU_20120810_A0218_1J_R_FR08,3520
TCGA-AA-A03J-01A-23_W_VU_20120810_A0218_1J_R_FR09,3617
TCGA-AA-A03J-01A-23_W_VU_20120810_A0218_1J_R_FR10,3478
TCGA-AA-A03J-01A-23_W_VU_20120810_A0218_1J_R_FR11,3874
TCGA-AA-A03J-01A-23_W_VU_20120810_A0218_1J_R_FR12,4086
TCGA-AA-A03J-01A-23_W_VU_20120810_A0218_1J_R_FR13,3820
TCGA-AA-A03J-01A-23_W_VU_20120810_A0218_1J_R_FR14,3832
TCGA-AA-A03J-01A-23_W_VU_20120813_A0218_1J_R_FR15,3676
TCGA-AF-2691-01A-41_W_VU_20120726_A0218_1A_R_FR01,2821
TCGA-AF-2691-01A-41_W_VU_20120726_A0218_1A_R_FR02,2136
TCGA-AF-2691-01A-41_W_VU_20120726_A0218_1A_R_FR03,2079
TCGA-AF-2691-01A-41_W_VU_20120726_A0218_1A_R_FR04,3156
TCGA-AF-2691-01A-41_W_VU_20120726_A0218_1A_R_FR05,1797
TCGA-AF-2691-01A-41_W_VU_20120726_A0218_1A_R_FR06,3133
TCGA-AF-2691-01A-41_W_VU_20120726_A0218_1A_R_FR07,2219
TCGA-AF-2691-01A-41_W_VU_20120726_A0218_1A_R_FR08,2496
TCGA-AF-2691-01A-41_W_VU_20120726_A0218_1A_R_FR09,2407
TCGA-AF-2691-01A-41_W_VU_20120726_A0218_1A_R_FR10,2278
TCGA-AF-2691-01A-41_W_VU_20120727_A0218_1A_R_FR11,2254
TCGA-AF-2691-01A-41_W_VU_20120727_A0218_1A_R_FR12,3280
TCGA-AF-2691-01A-41_W_VU_20120727_A0218_1A_R_FR13,3279
TCGA-AF-2691-01A-41_W_VU_20120727_A0218_1A_R_FR14,3150
TCGA-AF-2691-01A-41_W_VU_20120727_A0218_1A_R_FR15,3064
TCGA-AF-2692-01A-41_W_VU_20120910_A0218_3D_R_FR01,4283
TCGA-AF-2692-01A-41_W_VU_20120911_A0218_3D_R_FR02,4886
TCGA-AF-2692-01A-41_W_VU_20120911_A0218_3D_R_FR03,4603
TCGA-AF-2692-01A-41_W_VU_20120911_A0218_3D_R_FR04,4133
TCGA-AF-2692-01A-41_W_VU_20120911_A0218_3D_R_FR05,4077
TCGA-AF-2692-01A-41_W_VU_20120911_A0218_3D_R_FR06,4250
TCGA-AF-2692-01A-41_W_VU_20120911_A0218_3D_R_FR07,4177
TCGA-AF-2692-01A-41_W_VU_20120911_A0218_3D_R_FR08,4242
TCGA-AF-2692-01A-41_W_VU_20120911_A0218_3D_R_FR09,4380
TCGA-AF-2692-01A-41_W_VU_20120911_A0218_3D_R_FR10,4371
TCGA-AF-2692-01A-41_W_VU_20120911_A0218_3D_R_FR11,4404
TCGA-AF-2692-01A-41_W_VU_20120911_A0218_3D_R_FR12,4369
TCGA-AF-2692-01A-41_W_VU_20120911_A0218_3D_R_FR13,4505
TCGA-AF-2692-01A-41_W_VU_20120911_A0218_3D_R_FR14,4310
TCGA-AF-2692-01A-41_W_VU_20120911_A0218_3D_R_FR15,3805
TCGA-AF-3400-01A-41_W_VU_20120820_A0218_2D_R_FR01,3341
TCGA-AF-3400-01A-41_W_VU_20120820_A0218_2D_R_FR02,3723
TCGA-AF-3400-01A-41_W_VU_20120820_A0218_2D_R_FR03,3684
TCGA-AF-3400-01A-41_W_VU_20120820_A0218_2D_R_FR04,3613
TCGA-AF-3400-01A-41_W_VU_20120820_A0218_2D_R_FR05,3467
TCGA-AF-3400-01A-41_W_VU_20120820_A0218_2D_R_FR06,3522
TCGA-AF-3400-01A-41_W_VU_20120820_A0218_2D_R_FR07,3487
TCGA-AF-3400-01A-41_W_VU_20120820_A0218_2D_R_FR08,3191
TCGA-AF-3400-01A-41_W_VU_20120820_A0218_2D_R_FR09,3322
TCGA-AF-3400-01A-41_W_VU_20120821_A0218_2D_R_FR10,3293
TCGA-AF-3400-01A-41_W_VU_20120821_A0218_2D_R_FR11,3284
TCGA-AF-3400-01A-41_W_VU_20120821_A0218_2D_R_FR12,3283
TCGA-AF-3400-01A-41_W_VU_20120821_A0218_2D_R_FR13,3512
TCGA-AF-3400-01A-41_W_VU_20120821_A0218_2D_R_FR14,2876
TCGA-AF-3400-01A-41_W_VU_20120821_A0218_2D_R_FR15,3385
TCGA-AF-3913-01A-12_W_VU_20121026_A0218_5C_R_FR01,4313
TCGA-AF-3913-01A-12_W_VU_20121026_A0218_5C_R_FR02,4363
TCGA-AF-3913-01A-12_W_VU_20121026_A0218_5C_R_FR03,4039
TCGA-AF-3913-01A-12_W_VU_20121026_A0218_5C_R_FR04,3967
TCGA-AF-3913-01A-12_W_VU_20121026_A0218_5C_R_FR05,3942
TCGA-AF-3913-01A-12_W_VU_20121026_A0218_5C_R_FR06,3908
TCGA-AF-3913-01A-12_W_VU_20121026_A0218_5C_R_FR07,3946
TCGA-AF-3913-01A-12_W_VU_20121026_A0218_5C_R_FR08,4559
TCGA-AF-3913-01A-12_W_VU_20121026_A0218_5C_R_FR09,4619
TCGA-AF-3913-01A-12_W_VU_20121027_A0218_5C_R_FR10,4262
TCGA-AF-3913-01A-12_W_VU_20121027_A0218_5C_R_FR11,4339
TCGA-AF-3913-01A-12_W_VU_20121027_A0218_5C_R_FR12,3986
TCGA-AF-3913-01A-12_W_VU_20121027_A0218_5C_R_FR13,4588
TCGA-AF-3913-01A-12_W_VU_20121027_A0218_5C_R_FR14,3899
TCGA-AF-3913-01A-12_W_VU_20121027_A0218_5C_R_FR15,3702
TCGA-AG-3574-01A-22_W_VU_20121207_A0218_7E_R_FR01,3769
TCGA-AG-3574-01A-22_W_VU_20121207_A0218_7E_R_FR02,4170
TCGA-AG-3574-01A-22_W_VU_20121207_A0218_7E_R_FR03,3886
TCGA-AG-3574-01A-22_W_VU_20121207_A0218_7E_R_FR04,3802
TCGA-AG-3574-01A-22_W_VU_20121207_A0218_7E_R_FR05,3483
TCGA-AG-3574-01A-22_W_VU_20121207_A0218_7E_R_FR06,3824
TCGA-AG-3574-01A-22_W_VU_20121207_A0218_7E_R_FR07,3944
TCGA-AG-3574-01A-22_W_VU_20121207_A0218_7E_R_FR08,4051
TCGA-AG-3574-01A-22_W_VU_20121207_A0218_7E_R_FR09,4561
TCGA-AG-3574-01A-22_W_VU_20121207_A0218_7E_R_FR10,4443
TCGA-AG-3574-01A-22_W_VU_20121207_A0218_7E_R_FR11,4501
TCGA-AG-3574-01A-22_W_VU_20121208_A0218_7E_R_FR12,4100
TCGA-AG-3574-01A-22_W_VU_20121208_A0218_7E_R_FR13,3836
TCGA-AG-3574-01A-22_W_VU_20121208_A0218_7E_R_FR14,3769
TCGA-AG-3574-01A-22_W_VU_20121208_A0218_7E_R_FR15,4058
TCGA-AG-3580-01A-22_W_VU_20121224_A0218_8C_R_FR01,3424
TCGA-AG-3580-01A-22_W_VU_20121224_A0218_8C_R_FR02,3978
TCGA-AG-3580-01A-22_W_VU_20121224_A0218_8C_R_FR03,3921
TCGA-AG-3580-01A-22_W_VU_20121224_A0218_8C_R_FR04,3795
TCGA-AG-3580-01A-22_W_VU_20121224_A0218_8C_R_FR05,3535
TCGA-AG-3580-01A-22_W_VU_20121224_A0218_8C_R_FR06,3729
TCGA-AG-3580-01A-22_W_VU_20121224_A0218_8C_R_FR07,3148
TCGA-AG-3580-01A-22_W_VU_20121224_A0218_8C_R_FR08,3540
TCGA-AG-3580-01A-22_W_VU_20121224_A0218_8C_R_FR09,3749
TCGA-AG-3580-01A-22_W_VU_20121225_A0218_8C_R_FR10,3747
TCGA-AG-3580-01A-22_W_VU_20121225_A0218_8C_R_FR11,3616
TCGA-AG-3580-01A-22_W_VU_20121225_A0218_8C_R_FR12,3837
TCGA-AG-3580-01A-22_W_VU_20121225_A0218_8C_R_FR13,3632
TCGA-AG-3580-01A-22_W_VU_20121225_A0218_8C_R_FR14,3923
TCGA-AG-3580-01A-22_W_VU_20121225_A0218_8C_R_FR15,3695
TCGA-AG-3584-01A-22_W_VU_20121007_A0218_4A_R_FR01,4120
TCGA-AG-3584-01A-22_W_VU_20121007_A0218_4A_R_FR02,4582
TCGA-AG-3584-01A-22_W_VU_20121007_A0218_4A_R_FR03,4111
TCGA-AG-3584-01A-22_W_VU_20121007_A0218_4A_R_FR04,3919
TCGA-AG-3584-01A-22_W_VU_20121007_A0218_4A_R_FR05,3741
TCGA-AG-3584-01A-22_W_VU_20121007_A0218_4A_R_FR06,3822
TCGA-AG-3584-01A-22_W_VU_20121007_A0218_4A_R_FR07,3988
TCGA-AG-3584-01A-22_W_VU_20121007_A0218_4A_R_FR08,3864
TCGA-AG-3584-01A-22_W_VU_20121007_A0218_4A_R_FR09,3914
TCGA-AG-3584-01A-22_W_VU_20121007_A0218_4A_R_FR10,3645
TCGA-AG-3584-01A-22_W_VU_20121007_A0218_4A_R_FR11,3447
TCGA-AG-3584-01A-22_W_VU_20121007_A0218_4A_R_FR12,3337
TCGA-AG-3584-01A-22_W_VU_20121007_A0218_4A_R_FR13,3690
TCGA-AG-3584-01A-22_W_VU_20121008_A0218_4A_R_FR14,2856
TCGA-AG-3584-01A-22_W_VU_20121008_A0218_4A_R_FR15,3091
TCGA-AG-3593-01A-22_W_VU_20120920_A0218_3G_R_FR01,4216
TCGA-AG-3593-01A-22_W_VU_20120920_A0218_3G_R_FR02,3996
TCGA-AG-3593-01A-22_W_VU_20120920_A0218_3G_R_FR03,3762
TCGA-AG-3593-01A-22_W_VU_20120920_A0218_3G_R_FR04,3474
TCGA-AG-3593-01A-22_W_VU_20120920_A0218_3G_R_FR05,3548
TCGA-AG-3593-01A-22_W_VU_20120920_A0218_3G_R_FR06,3485
TCGA-AG-3593-01A-22_W_VU_20120921_A0218_3G_R_FR07,3720
TCGA-AG-3593-01A-22_W_VU_20120921_A0218_3G_R_FR08,4368
TCGA-AG-3593-01A-22_W_VU_20120921_A0218_3G_R_FR09,3990
TCGA-AG-3593-01A-22_W_VU_20120921_A0218_3G_R_FR10,3834
TCGA-AG-3593-01A-22_W_VU_20120921_A0218_3G_R_FR11,3569
TCGA-AG-3593-01A-22_W_VU_20120921_A0218_3G_R_FR12,3758
TCGA-AG-3593-01A-22_W_VU_20120921_A0218_3G_R_FR13,3985
TCGA-AG-3593-01A-22_W_VU_20120921_A0218_3G_R_FR14,3593
TCGA-AG-3593-01A-22_W_VU_20120921_A0218_3G_R_FR15,3565
TCGA-AG-3594-01A-12_W_VU_20121011_A0218_4D_R_FR01,4578
TCGA-AG-3594-01A-12_W_VU_20121011_A0218_4D_R_FR02,4679
TCGA-AG-3594-01A-12_W_VU_20121011_A0218_4D_R_FR03,4316
TCGA-AG-3594-01A-12_W_VU_20121011_A0218_4D_R_FR04,4284
TCGA-AG-3594-01A-12_W_VU_20121011_A0218_4D_R_FR05,3902
TCGA-AG-3594-01A-12_W_VU_20121011_A0218_4D_R_FR06,4082
TCGA-AG-3594-01A-12_W_VU_20121011_A0218_4D_R_FR07,4471
TCGA-AG-3594-01A-12_W_VU_20121011_A0218_4D_R_FR08,4756
TCGA-AG-3594-01A-12_W_VU_20121011_A0218_4D_R_FR09,4378
TCGA-AG-3594-01A-12_W_VU_20121011_A0218_4D_R_FR10,4502
TCGA-AG-3594-01A-12_W_VU_20121011_A0218_4D_R_FR11,4077
TCGA-AG-3594-01A-12_W_VU_20121011_A0218_4D_R_FR12,4093
TCGA-AG-3594-01A-12_W_VU_20121011_A0218_4D_R_FR13,4448
TCGA-AG-3594-01A-12_W_VU_20121012_A0218_4D_R_FR14,3890
TCGA-AG-3594-01A-12_W_VU_20121012_A0218_4D_R_FR15,3688
TCGA-AG-4007-01A-22_W_VU_20120731_A0218_1E_R_FR01,2618
TCGA-AG-4007-01A-22_W_VU_20120731_A0218_1E_R_FR02,1965
TCGA-AG-4007-01A-22_W_VU_20120731_A0218_1E_R_FR03,2738
TCGA-AG-4007-01A-22_W_VU_20120731_A0218_1E_R_FR04,2405
TCGA-AG-4007-01A-22_W_VU_20120731_A0218_1E_R_FR05,2599
TCGA-AG-4007-01A-22_W_VU_20120801_A0218_1E_R_FR06,2221
TCGA-AG-4007-01A-22_W_VU_20120801_A0218_1E_R_FR07,3266
TCGA-AG-4007-01A-22_W_VU_20120801_A0218_1E_R_FR08,3142
TCGA-AG-4007-01A-22_W_VU_20120801_A0218_1E_R_FR09,2850
TCGA-AG-4007-01A-22_W_VU_20120801_A0218_1E_R_FR10,2709
TCGA-AG-4007-01A-22_W_VU_20120801_A0218_1E_R_FR11,2903
TCGA-AG-4007-01A-22_W_VU_20120801_A0218_1E_R_FR12,3076
TCGA-AG-4007-01A-22_W_VU_20120801_A0218_1E_R_FR13,2798
TCGA-AG-4007-01A-22_W_VU_20120801_A0218_1E_R_FR14,2617
TCGA-AG-4007-01A-22_W_VU_20120801_A0218_1E_R_FR15,2729
TCGA-AG-A002-01A-23_W_VU_20121211_A0218_7G_R_FR01,3051
TCGA-AG-A002-01A-23_W_VU_20121211_A0218_7G_R_FR02,3529
TCGA-AG-A002-01A-23_W_VU_20121211_A0218_7G_R_FR03,3851
TCGA-AG-A002-01A-23_W_VU_20121211_A0218_7G_R_FR04,3585
TCGA-AG-A002-01A-23_W_VU_20121211_A0218_7G_R_FR05,3349
TCGA-AG-A002-01A-23_W_VU_20121211_A0218_7G_R_FR06,2845
TCGA-AG-A002-01A-23_W_VU_20121212_A0218_7G_R_FR07,2091
TCGA-AG-A002-01A-23_W_VU_20121212_A0218_7G_R_FR08,2119
TCGA-AG-A002-01A-23_W_VU_20121212_A0218_7G_R_FR09,2621
TCGA-AG-A002-01A-23_W_VU_20121212_A0218_7G_R_FR10,3213
TCGA-AG-A002-01A-23_W_VU_20121212_A0218_7G_R_FR11,2815
TCGA-AG-A002-01A-23_W_VU_20121212_A0218_7G_R_FR12,2753
TCGA-AG-A002-01A-23_W_VU_20121212_A0218_7G_R_FR13,3145
TCGA-AG-A002-01A-23_W_VU_20121212_A0218_7G_R_FR14,2828
TCGA-AG-A002-01A-23_W_VU_20121212_A0218_7G_R_FR15,3490
TCGA-AG-A008-01A-23_W_VU_20130127_A0218_9G_R_FR01,3693
TCGA-AG-A008-01A-23_W_VU_20130127_A0218_9G_R_FR02,3404
TCGA-AG-A008-01A-23_W_VU_20130127_A0218_9G_R_FR03,4058
TCGA-AG-A008-01A-23_W_VU_20130127_A0218_9G_R_FR04,3980
TCGA-AG-A008-01A-23_W_VU_20130127_A0218_9G_R_FR05,3535
TCGA-AG-A008-01A-23_W_VU_20130127_A0218_9G_R_FR06,3550
TCGA-AG-A008-01A-23_W_VU_20130127_A0218_9G_R_FR07,3297
TCGA-AG-A008-01A-23_W_VU_20130127_A0218_9G_R_FR08,3158
TCGA-AG-A008-01A-23_W_VU_20130127_A0218_9G_R_FR09,3495
TCGA-AG-A008-01A-23_W_VU_20130127_A0218_9G_R_FR10,3797
TCGA-AG-A008-01A-23_W_VU_20130127_A0218_9G_R_FR11,3576
TCGA-AG-A008-01A-23_W_VU_20130127_A0218_9G_R_FR12,3893
TCGA-AG-A008-01A-23_W_VU_20130128_A0218_9G_R_FR13,3642
TCGA-AG-A008-01A-23_W_VU_20130128_A0218_9G_R_FR14,3480
TCGA-AG-A008-01A-23_W_VU_20130128_A0218_9G_R_FR15,3723
TCGA-AG-A00C-01A-23_W_VU_20120729_A0218_1C_R_FR01,2893
TCGA-AG-A00C-01A-23_W_VU_20120729_A0218_1C_R_FR02,1569
TCGA-AG-A00C-01A-23_W_VU_20120729_A0218_1C_R_FR03,2976
TCGA-AG-A00C-01A-23_W_VU_20120729_A0218_1C_R_FR04,2145
TCGA-AG-A00C-01A-23_W_VU_20120729_A0218_1C_R_FR05,3006
TCGA-AG-A00C-01A-23_W_VU_20120729_A0218_1C_R_FR06,1965
TCGA-AG-A00C-01A-23_W_VU_20120729_A0218_1C_R_FR07,2371
TCGA-AG-A00C-01A-23_W_VU_20120729_A0218_1C_R_FR08,3306
TCGA-AG-A00C-01A-23_W_VU_20120729_A0218_1C_R_FR09,2562
TCGA-AG-A00C-01A-23_W_VU_20120729_A0218_1C_R_FR10,2277
TCGA-AG-A00C-01A-23_W_VU_20120729_A0218_1C_R_FR11,2053
TCGA-AG-A00C-01A-23_W_VU_20120729_A0218_1C_R_FR12,1939
TCGA-AG-A00C-01A-23_W_VU_20120729_A0218_1C_R_FR13,2714
TCGA-AG-A00C-01A-23_W_VU_20120729_A0218_1C_R_FR14,1903
TCGA-AG-A00C-01A-23_W_VU_20120729_A0218_1C_R_FR15,1625
TCGA-AG-A00H-01A-22_W_VU_20121201_A0218_7A_R_FR01,4190
TCGA-AG-A00H-01A-22_W_VU_20121202_A0218_7A_R_FR02,4307
TCGA-AG-A00H-01A-22_W_VU_20121202_A0218_7A_R_FR03,3899
TCGA-AG-A00H-01A-22_W_VU_20121202_A0218_7A_R_FR04,3729
TCGA-AG-A00H-01A-22_W_VU_20121202_A0218_7A_R_FR05,3643
TCGA-AG-A00H-01A-22_W_VU_20121202_A0218_7A_R_FR06,3600
TCGA-AG-A00H-01A-22_W_VU_20121202_A0218_7A_R_FR07,3630
TCGA-AG-A00H-01A-22_W_VU_20121202_A0218_7A_R_FR08,3758
TCGA-AG-A00H-01A-22_W_VU_20121202_A0218_7A_R_FR09,4026
TCGA-AG-A00H-01A-22_W_VU_20121202_A0218_7A_R_FR10,4194
TCGA-AG-A00H-01A-22_W_VU_20121202_A0218_7A_R_FR11,3880
TCGA-AG-A00H-01A-22_W_VU_20121202_A0218_7A_R_FR12,4025
TCGA-AG-A00H-01A-22_W_VU_20121202_A0218_7A_R_FR13,4265
TCGA-AG-A00H-01A-22_W_VU_20121202_A0218_7A_R_FR14,4237
TCGA-AG-A00H-01A-22_W_VU_20121202_A0218_7A_R_FR15,3601
TCGA-AG-A00H-01A-31_W_VU_20121008_A0218_4B_R_FR01,4815
TCGA-AG-A00H-01A-31_W_VU_20121008_A0218_4B_R_FR02,5217
TCGA-AG-A00H-01A-31_W_VU_20121008_A0218_4B_R_FR03,4749
TCGA-AG-A00H-01A-31_W_VU_20121008_A0218_4B_R_FR04,4382
TCGA-AG-A00H-01A-31_W_VU_20121008_A0218_4B_R_FR05,4415
TCGA-AG-A00H-01A-31_W_VU_20121008_A0218_4B_R_FR06,4293
TCGA-AG-A00H-01A-31_W_VU_20121008_A0218_4B_R_FR07,4274
TCGA-AG-A00H-01A-31_W_VU_20121008_A0218_4B_R_FR08,4217
TCGA-AG-A00H-01A-31_W_VU_20121009_A0218_4B_R_FR09,4290
TCGA-AG-A00H-01A-31_W_VU_20121009_A0218_4B_R_FR10,3887
TCGA-AG-A00H-01A-31_W_VU_20121009_A0218_4B_R_FR11,3579
TCGA-AG-A00H-01A-31_W_VU_20121009_A0218_4B_R_FR12,3783
TCGA-AG-A00H-01A-31_W_VU_20121009_A0218_4B_R_FR13,4233
TCGA-AG-A00H-01A-31_W_VU_20121009_A0218_4B_R_FR14,3355
TCGA-AG-A00H-01A-31_W_VU_20121009_A0218_4B_R_FR15,3048
TCGA-AG-A00Y-01A-12_W_VU_20121016_A0218_4G_R_FR01,4521
TCGA-AG-A00Y-01A-12_W_VU_20121016_A0218_4G_R_FR02,4837
TCGA-AG-A00Y-01A-12_W_VU_20121016_A0218_4G_R_FR03,4600
TCGA-AG-A00Y-01A-12_W_VU_20121016_A0218_4G_R_FR04,4306
TCGA-AG-A00Y-01A-12_W_VU_20121016_A0218_4G_R_FR05,4653
TCGA-AG-A00Y-01A-12_W_VU_20121017_A0218_4G_R_FR06,4680
TCGA-AG-A00Y-01A-12_W_VU_20121017_A0218_4G_R_FR07,4578
TCGA-AG-A00Y-01A-12_W_VU_20121017_A0218_4G_R_FR08,4807
TCGA-AG-A00Y-01A-12_W_VU_20121017_A0218_4G_R_FR09,4996
TCGA-AG-A00Y-01A-12_W_VU_20121017_A0218_4G_R_FR10,4663
TCGA-AG-A00Y-01A-12_W_VU_20121017_A0218_4G_R_FR11,4527
TCGA-AG-A00Y-01A-12_W_VU_20121017_A0218_4G_R_FR12,4591
TCGA-AG-A00Y-01A-12_W_VU_20121017_A0218_4G_R_FR13,4768
TCGA-AG-A00Y-01A-12_W_VU_20121017_A0218_4G_R_FR14,4226
TCGA-AG-A00Y-01A-12_W_VU_20121017_A0218_4G_R_FR15,4183
TCGA-AG-A011-01A-32_W_VU_20120828_A0218_2I_R_FR01,3265
TCGA-AG-A011-01A-32_W_VU_20120828_A0218_2I_R_FR02,3300
TCGA-AG-A011-01A-32_W_VU_20120828_A0218_2I_R_FR03,3769
TCGA-AG-A011-01A-32_W_VU_20120828_A0218_2I_R_FR04,3741
TCGA-AG-A011-01A-32_W_VU_20120828_A0218_2I_R_FR05,3440
TCGA-AG-A011-01A-32_W_VU_20120828_A0218_2I_R_FR06,3148
TCGA-AG-A011-01A-32_W_VU_20120828_A0218_2I_R_FR07,3089
TCGA-AG-A011-01A-32_W_VU_20120828_A0218_2I_R_FR08,3192
TCGA-AG-A011-01A-32_W_VU_20120828_A0218_2I_R_FR09,3089
TCGA-AG-A011-01A-32_W_VU_20120828_A0218_2I_R_FR10,3058
TCGA-AG-A011-01A-32_W_VU_20120829_A0218_2I_R_FR11,3093
TCGA-AG-A011-01A-32_W_VU_20120829_A0218_2I_R_FR12,3073
TCGA-AG-A011-01A-32_W_VU_20120829_A0218_2I_R_FR13,3234
TCGA-AG-A011-01A-32_W_VU_20120829_A0218_2I_R_FR14,3087
TCGA-AG-A011-01A-32_W_VU_20120829_A0218_2I_R_FR15,3177
TCGA-AG-A014-01A-12_W_VU_20120824_A0218_2F_R_FR01,4163
TCGA-AG-A014-01A-12_W_VU_20120824_A0218_2F_R_FR02,4566
TCGA-AG-A014-01A-12_W_VU_20120824_A0218_2F_R_FR03,4493
TCGA-AG-A014-01A-12_W_VU_20120824_A0218_2F_R_FR04,4393
TCGA-AG-A014-01A-12_W_VU_20120824_A0218_2F_R_FR05,4199
TCGA-AG-A014-01A-12_W_VU_20120824_A0218_2F_R_FR06,4198
TCGA-AG-A014-01A-12_W_VU_20120824_A0218_2F_R_FR07,4191
TCGA-AG-A014-01A-12_W_VU_20120824_A0218_2F_R_FR08,4073
TCGA-AG-A014-01A-12_W_VU_20120824_A0218_2F_R_FR09,4094
TCGA-AG-A014-01A-12_W_VU_20120825_A0218_2F_R_FR10,3948
TCGA-AG-A014-01A-12_W_VU_20120825_A0218_2F_R_FR11,3865
TCGA-AG-A014-01A-12_W_VU_20120825_A0218_2F_R_FR12,3947
TCGA-AG-A014-01A-12_W_VU_20120825_A0218_2F_R_FR13,4103
TCGA-AG-A014-01A-12_W_VU_20120825_A0218_2F_R_FR14,3712
TCGA-AG-A014-01A-12_W_VU_20120825_A0218_2F_R_FR15,3897
TCGA-AG-A015-01A-51_W_VU_20120921_A0218_3H_R_FR01,4614
TCGA-AG-A015-01A-51_W_VU_20120921_A0218_3H_R_FR02,5167
TCGA-AG-A015-01A-51_W_VU_20120922_A0218_3H_R_FR03,4381
TCGA-AG-A015-01A-51_W_VU_20120922_A0218_3H_R_FR04,4129
TCGA-AG-A015-01A-51_W_VU_20120922_A0218_3H_R_FR05,4043
TCGA-AG-A015-01A-51_W_VU_20120922_A0218_3H_R_FR06,4445
TCGA-AG-A015-01A-51_W_VU_20120922_A0218_3H_R_FR07,4215
TCGA-AG-A015-01A-51_W_VU_20120922_A0218_3H_R_FR08,5395
TCGA-AG-A015-01A-51_W_VU_20120922_A0218_3H_R_FR09,4691
TCGA-AG-A015-01A-51_W_VU_20120922_A0218_3H_R_FR10,4342
TCGA-AG-A015-01A-51_W_VU_20120922_A0218_3H_R_FR11,4116
TCGA-AG-A015-01A-51_W_VU_20120922_A0218_3H_R_FR12,4073
TCGA-AG-A015-01A-51_W_VU_20120922_A0218_3H_R_FR13,4489
TCGA-AG-A015-01A-51_W_VU_20120922_A0218_3H_R_FR14,3421
TCGA-AG-A015-01A-51_W_VU_20120922_A0218_3H_R_FR15,3936
TCGA-AG-A016-01A-23_W_VU_20120730_A0218_1D_R_FR01,2108
TCGA-AG-A016-01A-23_W_VU_20120730_A0218_1D_R_FR02,2058
TCGA-AG-A016-01A-23_W_VU_20120730_A0218_1D_R_FR03,2088
TCGA-AG-A016-01A-23_W_VU_20120730_A0218_1D_R_FR04,3602
TCGA-AG-A016-01A-23_W_VU_20120730_A0218_1D_R_FR05,2587
TCGA-AG-A016-01A-23_W_VU_20120730_A0218_1D_R_FR06,2358
TCGA-AG-A016-01A-23_W_VU_20120730_A0218_1D_R_FR07,2614
TCGA-AG-A016-01A-23_W_VU_20120730_A0218_1D_R_FR08,2350
TCGA-AG-A016-01A-23_W_VU_20120730_A0218_1D_R_FR09,2553
TCGA-AG-A016-01A-23_W_VU_20120730_A0218_1D_R_FR10,3297
TCGA-AG-A016-01A-23_W_VU_20120731_A0218_1D_R_FR11,2791
TCGA-AG-A016-01A-23_W_VU_20120731_A0218_1D_R_FR12,1943
TCGA-AG-A016-01A-23_W_VU_20120731_A0218_1D_R_FR13,2059
TCGA-AG-A016-01A-23_W_VU_20120731_A0218_1D_R_FR14,2227
TCGA-AG-A016-01A-23_W_VU_20120731_A0218_1D_R_FR15,2231
TCGA-AG-A01J-01A-22_W_VU_20121231_A0218_8F_R_FR01,4722
TCGA-AG-A01J-01A-22_W_VU_20121231_A0218_8F_R_FR02,5542
TCGA-AG-A01J-01A-22_W_VU_20121231_A0218_8F_R_FR03,5178
TCGA-AG-A01J-01A-22_W_VU_20121231_A0218_8F_R_FR04,4545
TCGA-AG-A01J-01A-22_W_VU_20121231_A0218_8F_R_FR05,5054
TCGA-AG-A01J-01A-22_W_VU_20121231_A0218_8F_R_FR06,4816
TCGA-AG-A01J-01A-22_W_VU_20121231_A0218_8F_R_FR07,4488
TCGA-AG-A01J-01A-22_W_VU_20121231_A0218_8F_R_FR08,4611
TCGA-AG-A01J-01A-22_W_VU_20121231_A0218_8F_R_FR09,4809
TCGA-AG-A01J-01A-22_W_VU_20121231_A0218_8F_R_FR10,5036
TCGA-AG-A01J-01A-22_W_VU_20121231_A0218_8F_R_FR11,4664
TCGA-AG-A01J-01A-22_W_VU_20121231_A0218_8F_R_FR12,4590
TCGA-AG-A01J-01A-22_W_VU_20121231_A0218_8F_R_FR13,4442
TCGA-AG-A01J-01A-22_W_VU_20121231_A0218_8F_R_FR14,5044
TCGA-AG-A01J-01A-22_W_VU_20121231_A0218_8F_R_FR15,4731
TCGA-AG-A01L-01A-22_W_VU_20130129_A0218_9H_R_FR01,3385
TCGA-AG-A01L-01A-22_W_VU_20130129_A0218_9H_R_FR03,4033
TCGA-AG-A01L-01A-22_W_VU_20130129_A0218_9H_R_FR04,2281
TCGA-AG-A01L-01A-22_W_VU_20130129_A0218_9H_R_FR05,3826
TCGA-AG-A01L-01A-22_W_VU_20130129_A0218_9H_R_FR06,3297
TCGA-AG-A01L-01A-22_W_VU_20130130_A0218_9H_R_FR02,4080
TCGA-AG-A01L-01A-22_W_VU_20130130_A0218_9H_R_FR07,2378
TCGA-AG-A01L-01A-22_W_VU_20130130_A0218_9H_R_FR08,3062
TCGA-AG-A01L-01A-22_W_VU_20130130_A0218_9H_R_FR09,3293
TCGA-AG-A01L-01A-22_W_VU_20130130_A0218_9H_R_FR10,3453
TCGA-AG-A01L-01A-22_W_VU_20130130_A0218_9H_R_FR11,3263
TCGA-AG-A01L-01A-22_W_VU_20130130_A0218_9H_R_FR12,3292
TCGA-AG-A01L-01A-22_W_VU_20130130_A0218_9H_R_FR13,3405
TCGA-AG-A01L-01A-22_W_VU_20130130_A0218_9H_R_FR14,3437
TCGA-AG-A01L-01A-22_W_VU_20130130_A0218_9H_R_FR15,3728
TCGA-AG-A01N-01A-23_W_VU_20130104_A0218_8I_R_FR01,4161
TCGA-AG-A01N-01A-23_W_VU_20130104_A0218_8I_R_FR02,3919
TCGA-AG-A01N-01A-23_W_VU_20130104_A0218_8I_R_FR03,3718
TCGA-AG-A01N-01A-23_W_VU_20130104_A0218_8I_R_FR04,3137
TCGA-AG-A01N-01A-23_W_VU_20130105_A0218_8I_R_FR05,3054
TCGA-AG-A01N-01A-23_W_VU_20130105_A0218_8I_R_FR06,3584
TCGA-AG-A01N-01A-23_W_VU_20130105_A0218_8I_R_FR07,3431
TCGA-AG-A01N-01A-23_W_VU_20130105_A0218_8I_R_FR08,3462
TCGA-AG-A01N-01A-23_W_VU_20130105_A0218_8I_R_FR09,3145
TCGA-AG-A01N-01A-23_W_VU_20130105_A0218_8I_R_FR10,3287
TCGA-AG-A01N-01A-23_W_VU_20130105_A0218_8I_R_FR11,3170
TCGA-AG-A01N-01A-23_W_VU_20130105_A0218_8I_R_FR12,2916
TCGA-AG-A01N-01A-23_W_VU_20130105_A0218_8I_R_FR13,3044
TCGA-AG-A01N-01A-23_W_VU_20130105_A0218_8I_R_FR14,2868
TCGA-AG-A01N-01A-23_W_VU_20130105_A0218_8I_R_FR15,3051
TCGA-AG-A01W-01A-23_W_VU_20121115_A0218_6C_R_FR01,2506
TCGA-AG-A01W-01A-23_W_VU_20121115_A0218_6C_R_FR02,2576
TCGA-AG-A01W-01A-23_W_VU_20121115_A0218_6C_R_FR03,2465
TCGA-AG-A01W-01A-23_W_VU_20121115_A0218_6C_R_FR04,2594
TCGA-AG-A01W-01A-23_W_VU_20121115_A0218_6C_R_FR05,2559
TCGA-AG-A01W-01A-23_W_VU_20121115_A0218_6C_R_FR06,2482
TCGA-AG-A01W-01A-23_W_VU_20121116_A0218_6C_R_FR07,2504
TCGA-AG-A01W-01A-23_W_VU_20121116_A0218_6C_R_FR08,2682
TCGA-AG-A01W-01A-23_W_VU_20121116_A0218_6C_R_FR09,2586
TCGA-AG-A01W-01A-23_W_VU_20121116_A0218_6C_R_FR10,2812
TCGA-AG-A01W-01A-23_W_VU_20121116_A0218_6C_R_FR11,2545
TCGA-AG-A01W-01A-23_W_VU_20121116_A0218_6C_R_FR12,2539
TCGA-AG-A01W-01A-23_W_VU_20121116_A0218_6C_R_FR13,2523
TCGA-AG-A01W-01A-23_W_VU_20121116_A0218_6C_R_FR14,2666
TCGA-AG-A01W-01A-23_W_VU_20121116_A0218_6C_R_FR15,2520
TCGA-AG-A01Y-01A-43_W_VU_20120825_A0218_2G_R_FR01,3777
TCGA-AG-A01Y-01A-43_W_VU_20120825_A0218_2G_R_FR02,3707
TCGA-AG-A01Y-01A-43_W_VU_20120825_A0218_2G_R_FR03,3919
TCGA-AG-A01Y-01A-43_W_VU_20120825_A0218_2G_R_FR04,3666
TCGA-AG-A01Y-01A-43_W_VU_20120825_A0218_2G_R_FR05,3697
TCGA-AG-A01Y-01A-43_W_VU_20120826_A0218_2G_R_FR06,3798
TCGA-AG-A01Y-01A-43_W_VU_20120826_A0218_2G_R_FR07,3572
TCGA-AG-A01Y-01A-43_W_VU_20120826_A0218_2G_R_FR08,3643
TCGA-AG-A01Y-01A-43_W_VU_20120826_A0218_2G_R_FR09,4050
TCGA-AG-A01Y-01A-43_W_VU_20120826_A0218_2G_R_FR10,3585
TCGA-AG-A01Y-01A-43_W_VU_20120826_A0218_2G_R_FR11,3438
TCGA-AG-A01Y-01A-43_W_VU_20120826_A0218_2G_R_FR12,3575
TCGA-AG-A01Y-01A-43_W_VU_20120826_A0218_2G_R_FR13,3511
TCGA-AG-A01Y-01A-43_W_VU_20120826_A0218_2G_R_FR14,3189
TCGA-AG-A01Y-01A-43_W_VU_20120826_A0218_2G_R_FR15,3440
TCGA-AG-A020-01A-23_W_VU_20130214_A0218_10E_R_FR01,3296
TCGA-AG-A020-01A-23_W_VU_20130214_A0218_10E_R_FR02,3505
TCGA-AG-A020-01A-23_W_VU_20130215_A0218_10E_R_FR03,2458
TCGA-AG-A020-01A-23_W_VU_20130215_A0218_10E_R_FR04,2991
TCGA-AG-A020-01A-23_W_VU_20130215_A0218_10E_R_FR05,2487
TCGA-AG-A020-01A-23_W_VU_20130215_A0218_10E_R_FR06,2972
TCGA-AG-A020-01A-23_W_VU_20130215_A0218_10E_R_FR07,2489
TCGA-AG-A020-01A-23_W_VU_20130215_A0218_10E_R_FR08,2100
TCGA-AG-A020-01A-23_W_VU_20130215_A0218_10E_R_FR09,3028
TCGA-AG-A020-01A-23_W_VU_20130215_A0218_10E_R_FR10,1567
TCGA-AG-A020-01A-23_W_VU_20130215_A0218_10E_R_FR11,2805
TCGA-AG-A020-01A-23_W_VU_20130215_A0218_10E_R_FR12,2977
TCGA-AG-A020-01A-23_W_VU_20130215_A0218_10E_R_FR13,2827
TCGA-AG-A020-01A-23_W_VU_20130215_A0218_10E_R_FR14,2774
TCGA-AG-A020-01A-23_W_VU_20130215_A0218_10E_R_FR15,2893
TCGA-AG-A026-01A-71_W_VU_20121023_A0218_5A_R_FR01,3708
TCGA-AG-A026-01A-71_W_VU_20121023_A0218_5A_R_FR02,3772
TCGA-AG-A026-01A-71_W_VU_20121023_A0218_5A_R_FR03,3926
TCGA-AG-A026-01A-71_W_VU_20121023_A0218_5A_R_FR04,3697
TCGA-AG-A026-01A-71_W_VU_20121023_A0218_5A_R_FR05,3773
TCGA-AG-A026-01A-71_W_VU_20121023_A0218_5A_R_FR06,4062
TCGA-AG-A026-01A-71_W_VU_20121024_A0218_5A_R_FR07,3990
TCGA-AG-A026-01A-71_W_VU_20121024_A0218_5A_R_FR08,4232
TCGA-AG-A026-01A-71_W_VU_20121024_A0218_5A_R_FR09,3892
TCGA-AG-A026-01A-71_W_VU_20121024_A0218_5A_R_FR10,3738
TCGA-AG-A026-01A-71_W_VU_20121024_A0218_5A_R_FR11,3792
TCGA-AG-A026-01A-71_W_VU_20121024_A0218_5A_R_FR12,4358
TCGA-AG-A026-01A-71_W_VU_20121024_A0218_5A_R_FR13,3604
TCGA-AG-A026-01A-71_W_VU_20121024_A0218_5A_R_FR14,4585
TCGA-AG-A026-01A-71_W_VU_20121024_A0218_5A_R_FR15,3906
TCGA-AG-A02N-01A-31_W_VU_20120819_A0218_2C_R_FR01,3229
TCGA-AG-A02N-01A-31_W_VU_20120819_A0218_2C_R_FR02,3249
TCGA-AG-A02N-01A-31_W_VU_20120819_A0218_2C_R_FR03,3326
TCGA-AG-A02N-01A-31_W_VU_20120819_A0218_2C_R_FR04,3197
TCGA-AG-A02N-01A-31_W_VU_20120819_A0218_2C_R_FR05,3160
TCGA-AG-A02N-01A-31_W_VU_20120819_A0218_2C_R_FR06,3121
TCGA-AG-A02N-01A-31_W_VU_20120819_A0218_2C_R_FR07,3165
TCGA-AG-A02N-01A-31_W_VU_20120819_A0218_2C_R_FR08,3278
TCGA-AG-A02N-01A-31_W_VU_20120819_A0218_2C_R_FR09,3192
TCGA-AG-A02N-01A-31_W_VU_20120819_A0218_2C_R_FR10,3087
TCGA-AG-A02N-01A-31_W_VU_20120819_A0218_2C_R_FR11,3247
TCGA-AG-A02N-01A-31_W_VU_20120819_A0218_2C_R_FR12,3180
TCGA-AG-A02N-01A-31_W_VU_20120819_A0218_2C_R_FR13,3220
TCGA-AG-A02N-01A-31_W_VU_20120819_A0218_2C_R_FR14,3059
TCGA-AG-A02N-01A-31_W_VU_20120820_A0218_2C_R_FR15,3042
TCGA-AG-A02X-01A-32_W_VU_20130213_A0218_10D_R_FR01,2342
TCGA-AG-A02X-01A-32_W_VU_20130213_A0218_10D_R_FR02,2143
TCGA-AG-A02X-01A-32_W_VU_20130213_A0218_10D_R_FR04,1992
TCGA-AG-A02X-01A-32_W_VU_20130213_A0218_10D_R_FR05,1346
TCGA-AG-A02X-01A-32_W_VU_20130213_A0218_10D_R_FR06,2030
TCGA-AG-A02X-01A-32_W_VU_20130213_A0218_10D_R_FR07,2014
TCGA-AG-A02X-01A-32_W_VU_20130213_A0218_10D_R_FR08,2175
TCGA-AG-A02X-01A-32_W_VU_20130213_A0218_10D_R_FR09,2428
TCGA-AG-A02X-01A-32_W_VU_20130213_A0218_10D_R_FR10,2328
TCGA-AG-A02X-01A-32_W_VU_20130213_A0218_10D_R_FR11,2127
TCGA-AG-A02X-01A-32_W_VU_20130214_A0218_10D_R_FR03,2389
TCGA-AG-A02X-01A-32_W_VU_20130214_A0218_10D_R_FR12,2125
TCGA-AG-A02X-01A-32_W_VU_20130214_A0218_10D_R_FR13,2452
TCGA-AG-A02X-01A-32_W_VU_20130214_A0218_10D_R_FR14,2293
TCGA-AG-A02X-01A-32_W_VU_20130214_A0218_10D_R_FR15,2280
TCGA-AG-A032-01A-31_W_VU_20121108_A0218_5J_R_FR01,2971
TCGA-AG-A032-01A-31_W_VU_20121108_A0218_5J_R_FR02,3464
TCGA-AG-A032-01A-31_W_VU_20121108_A0218_5J_R_FR03,3043
TCGA-AG-A032-01A-31_W_VU_20121108_A0218_5J_R_FR04,2927
TCGA-AG-A032-01A-31_W_VU_20121108_A0218_5J_R_FR05,3008
TCGA-AG-A032-01A-31_W_VU_20121108_A0218_5J_R_FR06,2940
TCGA-AG-A032-01A-31_W_VU_20121109_A0218_5J_R_FR07,3082
TCGA-AG-A032-01A-31_W_VU_20121109_A0218_5J_R_FR08,2907
TCGA-AG-A032-01A-31_W_VU_20121109_A0218_5J_R_FR09,2850
TCGA-AG-A032-01A-31_W_VU_20121109_A0218_5J_R_FR10,3086
TCGA-AG-A032-01A-31_W_VU_20121109_A0218_5J_R_FR11,2946
TCGA-AG-A032-01A-31_W_VU_20121109_A0218_5J_R_FR12,2820
TCGA-AG-A032-01A-31_W_VU_20121109_A0218_5J_R_FR13,2915
TCGA-AG-A032-01A-31_W_VU_20121109_A0218_5J_R_FR14,2920
TCGA-AG-A032-01A-31_W_VU_20121109_A0218_5J_R_FR15,2954
TCGA-AG-A036-01A-22_W_VU_20120805_A0218_1G_R_FR01,2889
TCGA-AG-A036-01A-22_W_VU_20120805_A0218_1G_R_FR02,3079
TCGA-AG-A036-01A-22_W_VU_20120805_A0218_1G_R_FR03,3148
TCGA-AG-A036-01A-22_W_VU_20120805_A0218_1G_R_FR04,2980
TCGA-AG-A036-01A-22_W_VU_20120806_A0218_1G_R_FR05,3003
TCGA-AG-A036-01A-22_W_VU_20120806_A0218_1G_R_FR06,3153
TCGA-AG-A036-01A-22_W_VU_20120806_A0218_1G_R_FR07,3110
TCGA-AG-A036-01A-22_W_VU_20120806_A0218_1G_R_FR08,3110
TCGA-AG-A036-01A-22_W_VU_20120806_A0218_1G_R_FR09,3051
TCGA-AG-A036-01A-22_W_VU_20120806_A0218_1G_R_FR10,3050
TCGA-AG-A036-01A-22_W_VU_20120806_A0218_1G_R_FR11,2897
TCGA-AG-A036-01A-22_W_VU_20120806_A0218_1G_R_FR12,2919
TCGA-AG-A036-01A-22_W_VU_20120806_A0218_1G_R_FR13,2814
TCGA-AG-A036-01A-22_W_VU_20120806_A0218_1G_R_FR14,2677
TCGA-AG-A036-01A-22_W_VU_20120806_A0218_1G_R_FR15,2846
